time_category,is_weekend,is_payday,caption_length,hashtag_count,is_question,is_hard_selling,has_cta,type_encoded,is_success
3,1,0,539,9,1,1,1,0,0
1,0,0,900,12,1,1,1,0,0
3,0,0,923,12,1,1,1,1,0
0,0,0,923,12,1,1,1,0,0
3,1,0,475,13,0,1,1,1,0
1,1,0,546,9,1,1,1,0,0
0,0,0,589,11,1,1,1,0,0
1,0,1,521,9,1,1,1,0,0
0,0,0,472,13,0,1,1,1,0
0,0,1,552,9,1,1,1,1,0
0,0,1,431,10,0,1,1,0,0
0,1,1,423,10,0,1,1,0,0
3,0,0,520,9,1,1,1,0,0
1,0,1,666,14,0,0,0,1,0
0,0,0,609,11,1,1,1,0,0
0,0,0,1128,30,0,1,1,1,0
0,1,0,1048,29,0,1,1,1,0
0,0,0,585,9,1,1,1,0,0
0,0,0,1349,9,0,1,1,0,0
0,0,0,745,11,1,1,1,1,0
1,1,0,1340,16,0,0,1,0,0
0,0,0,1048,29,0,1,1,0,0
1,0,0,843,30,0,1,1,0,0
0,1,1,1024,25,0,1,1,1,0
0,0,0,526,8,0,0,1,1,0
0,1,1,594,14,0,1,1,0,0
0,1,1,839,30,1,1,1,0,1
3,0,0,1096,30,0,1,1,0,0
3,0,0,564,5,0,1,1,0,1
1,0,0,1439,15,0,1,1,0,0
0,1,1,1014,30,0,1,1,0,0
3,0,0,605,5,0,1,1,1,1
0,0,1,551,5,0,1,1,0,0
0,0,0,632,24,0,1,1,0,1
0,1,0,558,5,0,1,1,0,1
0,1,1,853,31,1,1,1,1,0
0,0,1,680,17,1,1,1,0,0
0,0,1,646,14,0,0,0,1,0
0,0,1,1144,9,0,1,1,0,0
3,0,0,587,14,0,1,1,0,0
3,1,0,1008,30,0,1,1,0,0
0,0,0,535,5,0,1,1,1,0
3,0,0,832,30,1,1,1,0,0
0,0,0,984,31,0,1,1,0,0
0,0,0,725,14,1,1,1,0,0
3,0,0,834,30,0,1,1,1,0
3,0,0,860,9,0,1,1,0,0
0,0,0,841,31,0,1,1,0,0
0,0,1,831,26,1,1,1,0,0
1,0,1,728,32,0,1,1,0,0
3,0,1,886,27,1,1,1,1,0
3,0,1,852,30,0,1,1,0,0
3,0,0,848,31,1,1,1,0,0
3,0,1,867,30,1,1,1,1,0
1,0,1,611,11,0,1,1,0,0
0,0,0,860,30,1,1,1,0,0
3,0,0,861,30,1,1,1,1,0
0,1,1,865,31,1,1,1,0,0
0,1,1,695,17,1,1,1,1,0
3,0,1,843,30,0,1,1,0,0
3,1,0,844,31,1,1,1,0,0
0,0,0,877,30,1,1,1,1,0
3,1,0,1193,13,0,1,1,0,0
0,1,1,844,31,1,1,1,0,0
3,0,1,893,32,0,1,1,0,0
0,0,0,784,32,0,1,1,0,0
0,0,1,1028,31,1,1,1,0,0
0,0,0,736,17,1,1,1,0,0
1,0,1,1493,16,0,1,1,0,0
3,1,1,953,30,1,1,1,0,0
3,0,1,1055,31,1,1,1,0,0
0,0,0,1167,31,1,1,1,0,0
0,0,1,876,31,1,1,1,0,0
0,1,1,912,33,0,1,1,1,0
3,0,0,1028,31,1,1,1,1,0
1,0,1,713,14,0,0,0,1,0
0,0,1,741,31,0,1,1,0,0
0,0,0,1284,7,0,1,1,0,0
0,1,1,1576,12,0,1,1,0,0
0,0,0,856,31,0,1,1,0,0
0,0,0,958,30,0,1,1,0,0
3,0,0,843,30,0,1,1,0,0
3,1,0,616,31,0,1,1,0,0
0,1,0,869,31,0,1,1,0,0
0,0,0,743,31,0,1,1,0,0
0,0,0,937,31,0,1,1,0,0
0,0,1,1313,13,0,1,1,0,0
0,0,0,751,31,1,1,1,0,0
3,1,1,813,30,0,1,1,0,0
0,0,0,1038,32,0,1,1,0,0
0,0,1,733,21,1,1,1,0,0
3,0,1,689,26,1,1,1,0,0
3,1,1,1054,33,1,1,1,0,0
3,0,1,748,28,1,1,1,0,0
0,0,1,984,29,0,1,1,1,0
0,0,0,715,24,1,1,1,0,0
0,1,0,904,28,0,1,1,0,0
3,1,0,800,30,0,1,1,0,0
0,0,0,829,23,0,1,1,0,0
3,0,0,892,25,0,1,1,0,0
0,0,0,734,23,1,1,1,0,0
0,0,0,849,30,1,1,1,1,0
0,0,0,803,28,0,1,1,1,0
3,0,1,1017,23,1,1,1,0,0
0,0,0,814,30,1,1,1,1,0
0,0,0,1027,28,1,1,1,0,0
3,1,1,1141,28,0,1,1,0,0
3,1,1,1077,28,1,1,1,0,1
3,0,0,822,31,1,1,1,0,0
0,0,0,999,25,0,1,1,0,0
0,0,1,772,31,0,1,1,1,1
3,1,0,957,28,0,1,1,0,1
3,0,1,814,24,0,1,1,0,1
0,0,0,769,20,1,1,1,0,1
0,0,0,740,17,0,1,1,0,1
0,0,0,923,28,0,1,1,1,1
3,0,1,1038,27,1,1,1,1,1
3,0,0,847,25,0,1,1,0,1
3,0,1,1135,30,1,1,1,0,1
3,0,0,949,27,1,1,1,0,1
0,0,0,798,24,0,1,1,0,1
0,0,0,691,24,1,1,1,0,1
3,0,0,975,31,0,1,1,1,1
3,0,0,884,26,0,1,1,0,1
3,1,0,874,28,0,1,1,0,1
0,0,0,1274,4,0,1,1,1,1
3,0,0,1016,31,1,1,1,1,1
0,0,1,886,28,0,1,1,0,1
3,0,1,796,25,0,1,1,1,1
0,0,0,681,21,1,1,1,0,1
3,1,1,799,24,0,1,1,0,1
3,0,1,853,24,0,1,1,0,1
3,0,1,868,26,1,1,1,1,0
0,0,0,780,0,1,0,1,1,1
3,1,0,943,30,0,1,1,0,1
0,0,1,713,24,1,1,1,0,0
0,0,0,1038,28,0,1,1,0,0
3,1,0,853,29,0,1,1,0,0
3,0,0,895,29,1,1,1,0,0
3,0,1,1078,31,0,1,1,0,0
3,0,1,975,31,0,1,1,1,0
0,0,0,861,32,0,1,1,1,0
3,0,0,1150,32,0,1,1,0,0
3,0,0,699,21,1,0,1,0,0
0,0,0,877,30,1,1,1,1,0
3,0,0,813,22,1,1,1,0,0
0,0,0,847,30,0,1,1,0,0
3,0,0,554,0,0,1,0,1,0
0,1,0,865,27,0,1,1,0,0
3,0,0,784,27,0,1,1,0,0
0,0,0,608,22,0,0,1,1,0
3,0,0,794,19,0,1,1,0,0
3,0,1,583,14,0,1,1,0,0
2,1,0,231,6,0,1,0,0,0
3,0,0,782,19,1,1,1,1,0
3,0,1,778,19,0,1,1,1,0
3,1,1,188,6,0,1,0,1,0
3,1,0,767,21,0,1,1,0,0
0,0,1,1079,22,0,1,1,0,0
2,1,0,236,6,0,1,0,1,0
2,1,0,235,6,0,1,0,1,0
2,1,0,229,6,0,1,0,1,0
2,1,0,233,6,0,1,0,0,0
2,1,0,229,6,0,1,0,1,0
2,1,0,190,6,0,1,0,1,0
2,1,0,189,6,0,1,0,1,0
2,1,0,189,6,0,1,0,1,0
2,1,0,182,6,0,1,0,1,0
0,1,1,486,8,0,0,1,0,0
0,1,1,217,6,0,1,0,0,0
3,1,1,948,28,0,1,1,1,0
3,0,1,1026,56,0,1,1,1,0
3,1,1,542,18,0,0,1,0,0
3,1,1,958,28,0,1,1,1,0
0,0,1,501,16,0,0,1,1,0
3,0,1,915,28,0,1,1,1,0
3,0,1,947,28,0,1,1,1,0
3,0,1,471,10,0,1,1,1,0
3,0,0,994,30,0,1,1,1,1
0,1,0,989,30,1,1,1,1,1
3,0,0,282,5,0,1,1,0,1
0,0,0,975,30,0,1,1,1,1
3,1,0,51,4,0,0,0,1,1
0,1,0,947,28,0,1,1,1,1
3,0,0,259,5,0,1,1,0,1
3,1,0,1749,20,0,0,1,1,1
3,0,0,176,5,0,1,1,0,1
3,0,0,237,5,0,1,1,0,1
3,0,0,237,5,0,1,1,0,1
3,0,0,245,5,0,1,1,0,1
3,1,0,537,17,0,0,1,1,1
3,0,0,174,5,0,1,1,0,1
3,0,0,174,5,0,1,1,0,1
3,0,0,372,5,0,1,1,0,1
1,0,1,1116,29,0,1,1,1,1
1,0,1,471,10,0,1,1,1,1
0,0,0,446,13,0,0,1,0,1
1,0,1,386,0,0,0,1,1,1
1,0,1,940,28,0,1,1,1,1
0,0,1,539,13,0,1,1,1,1
1,0,1,492,10,0,1,1,1,1
1,0,1,446,13,0,0,1,0,1
3,0,0,1012,30,0,1,1,1,0
0,0,1,994,30,0,1,1,1,0
0,0,0,494,6,1,1,0,0,0
3,1,1,972,27,0,1,1,1,1
0,0,1,994,30,0,1,1,1,0
0,0,1,579,18,0,1,1,1,1
3,0,0,972,30,0,1,1,1,0
3,0,0,1219,11,0,1,1,0,0
3,1,0,1016,30,0,1,1,1,0
3,0,0,1017,30,0,1,1,1,0
0,1,0,1013,30,0,1,1,1,0
1,1,0,320,1,0,0,1,0,0
3,0,0,1020,30,0,1,1,0,0
3,0,0,1012,30,0,1,1,1,0
0,0,0,957,30,0,1,1,1,0
3,1,0,1002,30,0,1,1,1,0
3,0,1,559,16,0,1,1,1,0
3,0,1,104,0,0,0,0,1,0
3,0,1,956,28,0,1,1,1,0
0,0,1,572,18,0,1,1,1,0
3,0,1,1002,30,0,1,1,1,0
3,0,1,580,18,0,1,1,1,0
3,0,1,579,18,0,1,1,1,0
3,0,1,104,0,0,0,0,1,0
3,1,1,550,16,0,1,1,1,0
3,0,1,986,30,0,1,1,1,0
3,0,0,529,11,0,1,1,1,0
0,0,1,572,18,0,1,1,1,0
0,0,1,1009,27,0,1,1,1,0
3,1,1,557,16,0,1,1,1,0
3,1,1,942,30,0,1,1,1,0
3,0,0,966,30,0,1,1,1,0
3,0,0,942,30,0,1,1,1,0
1,0,0,1416,9,0,1,1,0,0
3,0,0,955,29,0,1,1,1,0
0,0,0,1097,11,0,1,1,0,0
3,0,0,1352,14,0,1,1,0,0
1,0,0,468,6,0,0,1,0,0
0,0,1,971,30,0,1,1,1,0
3,0,0,75,0,0,0,0,1,0
3,0,1,954,28,0,1,1,1,0
0,0,1,938,28,0,1,1,1,0
3,0,1,977,30,0,1,1,1,1
3,0,1,551,11,0,1,1,1,1
3,1,1,940,28,0,1,1,1,1
3,0,1,530,11,0,1,1,1,0
3,0,1,938,28,0,1,1,1,1
3,0,1,947,28,0,1,1,1,1
3,0,0,953,30,0,1,1,1,1
3,0,0,961,30,0,1,1,1,1
3,1,0,942,30,0,1,1,1,1
0,0,0,1107,7,0,1,1,0,1
1,0,0,949,28,0,1,1,1,1
3,0,0,952,30,0,1,1,1,1
3,0,1,1356,14,0,1,1,0,1
3,0,0,843,30,0,1,1,1,1
0,0,0,575,12,0,1,1,1,1
1,0,0,1035,30,0,1,1,1,1
3,1,0,946,30,0,1,1,1,1
0,0,0,1295,13,1,1,1,1,1
3,1,0,1455,18,1,1,1,0,1
1,0,0,537,12,0,1,1,1,1
0,0,0,1391,15,1,1,1,0,1
3,1,0,634,13,0,1,1,1,1
0,1,1,968,28,0,1,1,1,0
3,0,0,954,28,0,1,1,1,0
3,0,0,1180,30,0,1,1,1,0
0,1,1,508,13,0,0,1,0,0
0,0,1,939,30,0,1,0,1,1
3,1,0,954,28,0,1,1,1,0
1,0,1,954,28,0,1,1,1,1
3,1,0,488,13,0,0,1,1,0
1,1,0,943,30,0,1,1,1,0
2,0,0,954,28,0,1,1,1,0
3,0,0,970,29,0,1,1,1,0
3,0,0,953,30,0,1,1,1,0
3,0,0,563,16,0,1,1,1,0
3,0,0,1275,30,1,1,1,1,0
1,1,0,953,30,0,1,1,1,0
0,0,0,1385,23,1,1,1,0,0
3,0,0,563,16,0,1,1,1,0
1,1,0,512,10,0,1,1,1,0
1,1,0,966,30,0,1,1,1,0
3,0,0,999,29,0,1,1,1,0
3,0,0,489,10,0,1,1,1,0
3,0,0,495,10,0,1,1,1,0
3,0,0,537,11,0,1,1,1,0
3,0,0,961,30,0,1,1,1,0
1,0,1,1146,30,0,1,1,1,0
3,0,1,630,16,0,1,1,1,0
3,0,0,482,10,0,1,1,1,0
3,0,1,535,16,0,1,1,1,0
3,0,1,1308,30,0,1,1,1,0
3,0,1,563,16,0,1,1,1,0
3,0,1,612,16,0,1,1,1,0
3,0,1,567,14,0,1,1,1,0
0,1,0,967,29,0,1,1,1,0
3,1,1,967,30,0,1,1,1,0
3,0,1,564,16,0,1,1,1,0
3,0,0,969,29,0,1,1,1,0
3,1,0,1178,30,0,1,1,1,0
1,1,1,1605,17,0,1,1,0,0
0,0,1,1690,21,0,1,1,0,0
0,0,1,546,11,0,1,1,1,0
3,1,0,501,13,0,0,1,1,0
0,1,0,1166,30,0,1,1,1,0
1,1,0,513,10,1,1,1,1,0
3,1,0,482,10,0,1,1,1,0
3,0,0,538,11,0,1,1,1,0
3,0,0,969,30,0,1,1,1,0
3,0,0,947,30,0,1,1,1,0
3,1,0,967,30,0,1,1,1,0
3,0,0,970,30,0,1,1,1,0
3,0,0,726,7,0,1,1,0,0
3,0,0,721,7,0,1,1,1,0
3,0,0,511,2,1,0,1,1,0
2,0,1,961,30,0,1,1,1,0
3,0,0,249,11,0,1,0,0,0
3,0,0,721,7,0,1,1,0,0
0,1,0,1754,21,0,1,1,0,0
0,0,0,270,8,0,1,1,1,0
0,1,0,941,30,0,1,1,1,0
0,0,0,273,8,0,1,1,1,0
0,1,0,936,30,0,1,1,1,0
1,0,0,960,30,0,1,1,1,0
0,1,0,960,30,0,1,1,1,0
3,0,1,961,30,0,1,1,1,0
3,0,1,936,30,0,1,1,1,0
1,0,0,970,30,0,1,1,1,0
1,0,0,955,30,0,1,1,1,0
3,0,0,541,13,0,1,1,1,0
1,0,0,958,30,0,1,1,1,0
1,0,0,574,13,0,1,1,1,0
0,0,0,955,30,0,1,1,1,0
0,0,0,479,14,0,0,1,0,0
1,0,0,1011,30,0,1,1,1,0
0,1,1,976,30,0,1,1,1,0
2,0,0,524,13,0,1,1,1,0
3,0,1,469,10,0,1,1,1,0
3,1,1,1224,30,1,1,1,1,0
0,0,0,567,6,0,1,1,0,0
0,0,1,955,30,0,1,1,1,0
0,0,0,592,16,0,1,1,1,0
1,0,1,968,30,0,1,1,1,0
1,0,0,505,10,0,1,1,1,0
3,1,1,965,30,0,1,1,1,0
3,0,0,1246,30,0,1,1,1,0
3,0,0,495,10,0,1,1,1,0
3,0,0,969,29,0,1,1,1,0
3,1,0,470,10,0,1,1,1,0
3,1,0,1268,30,0,1,1,1,0
3,0,0,1149,30,0,1,1,1,0
0,0,0,551,10,0,1,1,1,0
0,0,0,1231,30,0,1,1,1,0
3,0,0,568,14,0,1,1,0,0
3,0,0,1234,30,1,1,1,1,0
3,0,0,482,10,0,1,1,1,0
3,0,0,1265,30,0,1,1,1,0
3,0,0,482,10,0,1,1,1,0
3,0,0,505,10,0,1,1,1,0
3,0,0,1241,30,0,1,1,1,0
3,0,0,1219,30,0,1,1,1,0
3,0,0,552,13,0,1,1,1,0
3,0,0,946,29,0,1,1,1,0
3,1,0,983,30,0,1,1,1,0
3,1,0,970,30,0,1,1,1,0
3,1,0,1046,30,1,1,1,1,0
3,0,0,505,10,0,1,1,1,0
0,1,0,1029,30,1,1,1,1,0
3,0,0,512,10,0,1,1,1,0
3,0,1,553,12,0,1,1,1,0
3,0,1,534,12,0,1,1,1,0
3,0,1,531,11,0,1,1,1,0
3,0,1,531,11,0,1,1,1,0
0,1,1,527,11,0,1,1,1,0
3,1,1,968,30,0,1,1,1,0
3,1,1,977,30,0,1,1,1,0
3,0,1,530,11,0,1,1,1,0
3,1,1,949,29,0,1,1,1,1
3,0,1,948,29,0,1,1,1,1
3,0,1,951,30,0,1,1,1,1
3,0,1,957,29,0,1,1,1,1
3,1,1,956,29,0,1,1,1,1
3,0,1,962,30,0,1,1,1,1
3,0,1,975,31,0,1,1,1,1
3,1,1,973,31,0,1,1,1,1
0,1,0,635,16,0,1,1,1,1
1,0,0,823,17,0,1,1,1,1
3,1,0,525,11,0,1,1,1,1
3,0,0,127,1,0,0,1,1,1
3,1,0,831,18,1,1,1,1,1
3,0,0,599,12,0,1,1,1,1
3,0,0,991,30,0,1,1,1,1
3,0,0,736,17,0,1,1,1,1
3,0,1,655,16,0,1,1,1,1
2,0,1,683,16,0,1,1,1,1
0,1,0,635,17,0,1,1,1,1
0,1,1,752,16,0,1,1,1,0
3,1,1,667,17,0,1,1,1,0
0,0,1,747,17,1,1,1,1,1
3,1,0,747,17,1,1,1,1,1
3,0,1,706,17,0,1,1,1,1
0,0,1,852,16,0,1,1,1,0
1,1,1,1325,24,0,1,1,1,0
1,0,1,176,5,0,0,1,1,0
1,1,1,1322,24,0,1,1,1,0
1,1,1,1221,24,0,1,1,1,0
3,0,1,720,16,0,1,1,1,0
1,1,1,1325,24,0,1,1,1,0
3,1,1,536,0,0,1,1,1,0
1,0,1,872,30,0,1,1,1,0
0,0,0,1344,24,0,1,1,1,0
3,0,0,1254,24,0,1,1,1,0
3,0,0,1254,24,0,1,1,1,0
1,0,0,876,30,0,1,1,1,0
0,0,1,746,18,0,1,1,1,0
1,1,0,1313,24,0,1,1,1,0
1,1,0,1285,24,0,1,1,1,0
0,0,0,1285,24,0,1,1,1,0
1,0,0,1374,24,0,1,1,1,0
0,0,0,1394,24,0,1,1,1,0
0,0,0,1363,24,0,1,1,1,0
0,0,0,1284,24,0,1,1,1,0
0,0,0,1282,24,0,1,1,1,0
3,0,0,1485,24,0,1,1,1,0
0,0,0,1235,24,0,1,1,1,0
3,0,0,1328,24,0,1,1,1,0
3,0,0,1327,24,0,1,1,1,0
3,0,0,1295,24,0,1,1,1,0
0,0,0,1380,24,0,1,1,1,0
3,0,0,1334,24,0,1,1,1,0
3,0,0,1272,24,0,1,1,1,0
3,0,0,1276,24,0,1,1,1,0
3,0,0,1329,24,0,1,1,1,0
3,0,0,967,30,0,1,1,1,0
3,1,0,1002,30,0,1,1,1,0
3,0,0,1463,24,0,1,1,1,0
3,0,0,1351,24,0,1,1,1,0
3,0,0,980,30,0,1,1,1,0
3,0,0,485,10,0,1,1,1,0
0,1,0,1358,24,0,1,1,1,0
3,1,0,1306,24,0,1,1,1,0
3,0,0,975,30,0,1,1,0,0
3,0,0,980,30,0,1,1,1,0
3,0,0,960,30,0,1,1,1,0
3,0,0,980,30,0,1,1,1,0
3,0,0,973,30,0,1,1,1,0
3,0,0,972,30,0,1,1,1,0
3,0,1,976,30,0,1,1,0,0
3,0,1,973,30,0,1,1,0,0
3,0,1,964,30,0,1,1,0,0
3,1,1,987,30,0,1,1,0,0
3,1,1,991,30,0,1,1,0,0
3,1,1,962,30,0,1,1,0,0
3,1,1,968,30,0,1,1,0,0
3,0,1,975,30,0,1,1,0,0
3,1,1,972,30,0,1,1,1,0
3,0,1,972,30,0,1,1,0,0
3,0,1,504,10,0,1,1,1,0
3,1,1,485,10,0,1,1,1,0
3,0,1,990,30,0,1,1,1,0
3,1,0,997,30,0,1,1,1,0
3,0,1,987,30,0,1,1,1,0
3,0,1,972,30,0,1,1,1,0
3,0,1,965,30,0,1,1,1,0
0,0,0,604,1,0,0,1,1,0
3,0,0,997,30,0,1,1,1,0
3,0,0,989,30,0,1,1,1,0
3,0,0,977,30,0,1,1,1,0
3,0,0,682,7,0,1,1,1,0
3,0,0,978,30,0,1,1,1,0
3,0,0,487,10,0,1,1,1,0
3,0,0,977,30,0,1,1,1,0
3,1,0,978,30,0,1,1,1,0
1,0,0,982,30,0,1,1,1,0
3,0,0,690,7,0,1,1,1,0
3,0,0,975,30,0,1,1,1,0
3,0,0,686,7,0,1,1,1,0
1,0,0,987,30,0,1,1,1,0
3,1,0,973,30,0,1,1,0,0
3,0,0,982,30,0,1,1,1,0
1,0,0,1026,30,0,1,1,1,0
2,0,0,1020,29,0,1,1,1,0
3,0,0,959,30,0,1,1,1,0
3,0,0,482,10,0,1,1,1,0
2,0,0,983,30,0,1,1,1,0
3,0,0,1020,30,0,1,1,1,0
3,0,0,995,30,0,1,1,1,0
0,0,0,1020,29,0,1,1,1,0
3,0,0,351,0,1,0,1,0,0
3,0,0,675,7,0,1,1,1,0
1,0,1,731,0,0,1,0,1,0
2,0,0,1111,30,0,1,1,1,0
2,0,0,1335,30,1,1,1,1,0
3,0,1,990,30,0,1,1,1,0
2,0,0,695,7,0,1,1,1,0
2,0,0,703,7,0,1,1,1,0
3,0,1,983,30,0,1,1,1,0
3,0,1,968,30,0,1,1,0,0
0,1,1,340,0,0,0,0,0,0
3,0,1,934,24,0,1,1,0,0
0,1,1,1112,30,0,1,1,1,0
0,0,1,1588,15,0,1,1,0,0
3,0,1,1052,9,0,1,1,0,0
3,0,1,988,30,0,1,1,0,0
3,0,0,482,10,0,1,1,1,0
0,0,0,158,7,0,0,0,0,0
3,0,0,998,30,0,1,1,1,0
3,0,0,504,10,0,1,1,1,0
3,1,0,995,30,0,1,1,1,0
3,0,0,988,30,0,1,1,1,0
3,1,0,267,7,0,0,1,0,0
3,0,0,995,30,0,1,1,1,0
3,1,0,778,32,0,1,1,1,0
0,0,0,977,30,0,1,1,1,0
3,1,0,803,30,0,1,1,1,0
3,1,0,997,30,0,1,1,1,0
3,0,0,489,10,0,1,1,1,0
3,0,0,800,31,0,1,1,1,0
3,0,0,504,10,0,1,1,1,0
3,0,1,97,3,0,0,0,0,0
3,0,1,1526,13,0,1,1,0,0
3,0,1,992,30,0,1,1,0,1
3,1,0,997,30,0,1,1,1,1
0,0,0,758,32,0,1,1,1,1
3,0,1,1467,12,0,1,1,0,1
1,1,0,965,30,0,1,1,1,1
1,0,1,995,30,0,1,1,0,1
3,0,0,969,29,0,1,1,1,1
3,0,0,972,30,0,1,1,1,1
3,0,0,992,30,0,1,1,1,1
3,0,0,992,30,0,1,1,1,1
3,0,0,965,29,0,1,1,1,1
3,0,0,997,30,0,1,1,0,1
3,0,0,995,30,0,1,1,0,1
3,0,0,982,30,0,1,1,1,1
3,0,0,988,30,0,1,1,1,1
3,0,0,849,31,0,1,1,1,1
3,0,0,965,30,0,1,1,1,0
3,0,1,995,30,0,1,1,0,0
1,0,1,369,14,0,0,1,0,1
3,0,0,964,30,0,1,1,1,0
3,0,1,977,30,0,1,1,1,0
3,0,1,285,7,0,0,0,0,0
0,1,1,310,12,0,0,1,0,1
1,0,1,428,8,0,1,1,0,0
3,0,0,839,30,0,1,1,1,0
3,0,0,813,30,0,1,1,1,0
3,0,0,977,30,0,1,1,1,0
3,0,0,969,30,0,1,1,1,0
0,0,0,779,30,0,1,1,1,0
3,0,0,991,29,0,1,1,0,0
3,0,0,964,30,0,1,1,1,0
3,0,0,964,30,0,1,1,1,0
3,0,1,493,10,0,1,1,1,0
3,0,0,992,30,0,1,1,1,0
0,1,1,960,29,0,1,1,1,0
3,0,0,972,30,0,1,1,1,0
0,0,0,969,30,0,1,1,1,0
3,0,0,810,30,0,1,1,1,0
0,0,1,1425,21,0,1,1,0,0
0,0,0,139,8,0,0,0,0,0
0,0,0,365,10,1,0,0,0,0
1,1,0,316,9,0,0,0,1,0
3,1,1,932,28,0,1,1,1,0
3,0,1,974,30,0,1,1,1,0
1,1,0,224,8,0,0,0,1,0
0,0,0,974,30,0,1,1,0,0
1,1,0,986,30,0,1,1,1,0
3,0,0,482,10,0,1,1,1,0
0,0,1,992,30,0,1,1,1,1
0,0,1,1696,21,1,1,1,0,1
1,1,0,344,3,0,0,0,1,0
1,0,0,975,30,0,1,1,1,0
1,0,1,984,30,0,1,1,1,0
3,1,0,992,30,0,1,1,1,0
3,1,0,1911,23,1,1,1,0,0
3,0,0,961,30,0,1,1,1,0
1,0,0,112,0,0,0,0,1,1
3,1,0,813,30,0,1,1,1,1
3,0,0,992,30,0,1,1,1,1
3,0,1,968,30,0,1,1,1,1
2,0,0,978,30,0,1,1,1,1
3,0,0,480,10,0,1,1,1,1
1,1,0,978,30,0,1,1,1,1
1,0,1,1861,24,0,1,1,0,1
3,1,1,969,30,0,1,1,1,1
0,1,1,759,30,0,1,1,1,1
3,0,1,992,30,0,1,1,1,1
3,1,1,950,30,0,1,1,1,1
3,0,0,968,30,0,1,1,1,1
0,1,0,81,0,0,0,0,1,1
1,0,0,182,5,0,0,0,1,1
3,0,1,817,30,0,1,1,1,0
3,0,0,476,10,0,1,1,1,0
3,0,0,969,30,0,1,1,1,0
3,0,0,391,5,0,1,0,1,0
0,0,0,1100,30,0,1,1,0,0
0,0,1,560,22,0,0,0,1,0
3,0,0,978,30,0,1,1,1,0
0,0,0,482,10,0,1,1,1,0
0,1,0,1001,30,0,1,1,1,0
1,1,1,876,7,0,0,0,0,0
1,0,0,981,30,0,1,1,1,0
1,1,0,356,0,0,0,0,1,0
3,1,0,473,23,0,1,0,1,0
0,0,0,803,30,0,1,1,1,0
3,0,0,969,30,0,1,1,1,0
1,0,1,849,31,0,1,1,1,0
1,1,1,590,23,0,1,0,1,0
0,0,1,555,25,0,1,0,1,0
2,0,1,849,31,0,1,1,1,0
1,1,1,712,23,0,1,0,0,0
3,0,1,1037,31,0,1,1,1,0
1,1,1,1877,23,0,1,1,0,0
0,0,1,1890,21,0,1,1,0,0
1,0,0,824,30,0,1,1,1,0
0,0,1,1802,21,0,1,1,1,0
1,1,0,1372,20,0,1,1,1,0
3,1,0,119,0,0,0,0,0,0
3,0,0,817,30,0,1,1,1,0
2,1,0,992,30,0,1,1,1,0
1,0,0,871,31,0,1,1,1,0
1,0,0,835,31,0,1,1,1,0
1,1,0,907,5,0,0,1,1,0
1,0,0,969,30,0,1,1,1,0
0,0,0,1037,31,0,1,1,1,0
0,1,0,969,30,0,1,1,1,0
1,1,0,991,30,0,1,1,1,0
3,1,0,821,30,0,1,1,1,0
3,0,0,992,30,0,1,1,1,0
3,1,0,1741,21,0,1,1,0,0
0,0,0,988,30,0,1,1,1,0
3,1,1,807,30,0,1,1,1,0
2,0,1,992,30,0,1,1,1,0
2,1,1,981,30,0,1,1,1,0
3,0,1,814,30,0,1,1,1,1
0,0,0,907,5,0,0,1,0,0
3,1,1,848,31,0,1,1,1,0
3,1,1,799,30,0,1,1,1,0
2,0,1,1006,29,0,1,1,1,1
0,0,0,961,30,0,1,1,1,1
3,1,0,969,30,0,1,1,1,1
0,0,0,1013,30,0,1,1,1,1
0,0,0,1001,30,0,1,1,1,1
0,1,1,973,30,0,1,1,1,0
0,1,1,902,30,0,1,1,1,1
1,1,0,803,30,0,1,1,1,1
2,0,0,760,30,0,1,1,1,0
1,0,0,961,30,0,1,1,1,1
0,0,0,802,30,0,1,1,1,0
1,0,0,974,30,0,1,1,1,0
1,0,0,992,30,0,1,1,1,0
2,0,0,766,30,0,1,1,1,1
3,0,0,1013,30,0,1,1,1,0
0,0,0,961,30,0,1,1,1,1
0,0,0,974,30,0,1,1,1,1
0,0,0,818,30,0,1,1,1,1
3,0,0,975,30,0,1,1,1,1
3,0,0,814,30,0,1,1,1,0
0,0,0,978,30,0,1,1,1,1
3,0,0,1023,30,0,1,1,1,0
0,1,0,838,30,0,1,1,1,1
2,1,0,961,30,0,1,1,1,1
1,0,0,1003,21,1,1,0,1,1
0,0,0,800,30,0,1,1,1,1
2,0,0,526,0,1,1,1,1,1
0,1,0,961,30,0,1,1,1,1
0,1,0,28,0,0,0,0,1,1
0,1,0,817,30,0,1,1,1,0
2,1,0,832,31,0,1,1,1,1
0,1,1,817,30,0,1,1,1,1
2,1,0,917,31,0,1,1,1,1
2,0,1,824,30,0,1,1,1,1
0,1,1,918,30,0,1,1,1,1
0,1,1,996,30,0,1,1,1,1
2,1,0,864,21,0,1,0,0,1
3,1,0,1001,30,0,1,1,1,1
1,0,0,803,30,0,1,1,1,0
3,0,1,817,30,0,1,1,1,1
3,0,1,1454,22,1,1,1,0,1
0,1,1,1001,30,0,1,1,1,1
1,0,0,803,30,0,1,1,1,0
2,0,1,1365,20,0,1,1,1,0
2,0,1,1539,20,0,1,1,1,0
1,0,0,803,30,0,1,1,0,0
0,1,0,809,30,0,1,1,1,0
3,1,0,806,30,0,1,1,1,0
3,1,0,805,30,0,1,1,0,0
3,0,0,1434,20,0,1,1,1,0
0,1,0,809,30,0,1,1,0,0
3,1,0,803,30,0,1,1,1,0
3,1,0,804,30,0,1,1,0,0
1,0,0,803,30,0,1,1,0,0
3,1,0,859,30,0,1,1,0,0
3,0,0,855,30,0,1,1,1,0
3,0,0,840,30,0,1,1,1,0
1,1,0,859,30,0,1,1,1,0
0,0,0,840,30,0,1,1,0,0
3,0,0,1440,20,0,1,1,0,0
1,1,0,855,30,0,1,1,0,0
3,1,0,859,30,0,1,1,1,0
3,1,0,77,0,0,0,0,0,0
0,0,1,855,30,0,1,1,1,0
3,1,0,674,2,0,0,1,0,0
3,1,0,859,30,0,1,1,0,0
2,0,1,788,30,0,1,1,0,0
3,0,1,777,30,0,1,1,1,0
0,0,1,855,30,0,1,1,0,0
3,0,1,729,28,0,1,1,0,0
3,0,1,1009,20,0,1,1,0,0
3,0,0,159,4,0,0,1,0,0
3,0,0,1346,20,0,1,1,0,0
2,1,1,1327,29,0,1,1,1,0
1,0,1,1070,20,0,1,1,0,0
0,0,1,1076,20,0,1,1,1,0
3,0,0,455,9,1,1,0,1,0
3,0,1,1041,20,0,1,1,1,0
1,0,0,1453,20,0,1,1,0,0
1,0,0,1343,20,0,1,1,1,0
1,0,0,1452,20,0,1,1,0,0
1,0,0,1474,20,0,1,1,0,0
1,0,0,1466,20,0,1,1,0,0
1,0,0,1454,20,0,1,1,0,0
1,0,0,1343,20,0,1,1,0,0
1,0,0,1449,20,0,1,1,0,0
1,0,0,1376,20,0,1,1,0,0
3,0,0,1336,20,0,1,1,0,0
2,1,0,1890,20,0,1,1,0,0
2,1,0,1848,20,0,1,1,0,0
2,1,0,1362,20,0,1,1,0,0
2,1,0,1339,20,0,1,1,0,0
3,0,0,1469,20,0,1,1,0,0
1,0,0,1375,20,0,1,1,0,0
3,1,0,1623,20,0,1,1,1,0
2,0,0,728,20,0,1,1,0,0
2,1,0,624,16,0,1,1,1,0
0,0,0,1343,20,0,1,1,1,0
3,0,0,728,20,0,1,1,0,0
0,0,0,1343,20,0,1,1,1,0
1,1,0,728,20,0,1,1,0,0
0,0,0,728,20,0,1,1,0,0
1,0,1,710,28,0,1,1,1,0
3,1,1,1623,20,0,1,1,1,0
0,1,1,1623,20,0,1,1,0,0
3,0,0,1621,20,0,1,1,0,0
3,0,0,496,20,0,1,1,0,0
3,0,0,1546,20,0,1,1,1,0
3,0,1,752,28,1,1,1,1,0
3,0,1,731,28,0,1,1,0,0
3,1,1,752,28,1,1,1,0,0
3,1,1,813,31,0,1,1,1,0
3,0,0,1095,19,1,1,1,1,0
3,0,0,588,18,0,1,1,0,0
1,0,0,971,19,1,1,1,1,0
3,0,0,716,19,0,1,1,0,0
0,0,0,508,13,0,1,1,0,0
2,1,0,1144,29,0,1,1,1,0
1,0,1,693,27,0,1,1,0,0
1,0,1,539,15,0,1,1,1,0
3,0,0,859,18,1,1,1,0,0
2,0,1,791,12,1,1,1,0,0
0,0,0,859,18,1,1,1,1,0
0,0,0,971,19,1,1,1,0,0
3,0,1,1345,17,0,1,1,0,0
2,0,1,727,10,1,1,1,1,0
1,1,0,604,20,0,1,1,0,0
1,0,1,724,30,0,1,1,1,0
1,0,1,1028,28,0,1,1,0,0
3,0,0,675,19,0,1,1,0,0
0,0,1,1028,28,0,1,1,1,0
0,1,1,1512,15,0,1,1,0,0
1,0,0,721,23,0,1,1,1,0
1,1,1,1512,15,0,1,1,1,0
0,1,0,779,18,0,1,1,0,0
1,0,0,677,23,0,1,1,0,0
1,0,0,861,20,1,1,1,0,0
2,0,0,766,29,0,1,1,1,0
1,0,0,677,23,0,1,1,1,0
1,0,0,766,29,0,1,1,0,0
1,0,0,861,20,1,1,1,1,0
1,1,0,631,18,0,1,1,1,0
3,0,0,742,32,0,1,1,1,0
3,0,1,841,35,0,1,1,1,0
0,0,1,847,33,1,1,1,0,0
1,0,0,1478,10,0,1,1,1,0
1,1,0,771,33,0,1,1,1,0
3,0,0,1282,13,0,0,1,0,0
3,1,0,860,32,0,1,1,0,0
0,0,1,842,33,0,1,1,1,0
0,0,1,2152,32,1,1,1,1,0
3,1,1,774,32,0,1,1,0,0
0,1,1,947,32,1,1,1,0,1
0,1,1,885,32,0,1,1,1,1
3,1,1,770,32,0,1,1,1,0
0,0,1,805,33,1,1,1,1,1
3,0,1,1228,11,0,0,1,0,1
3,0,1,840,35,0,1,1,0,0
2,0,0,787,31,0,1,1,0,1
3,0,0,822,29,0,1,1,0,1
0,0,1,865,32,0,1,1,1,1
3,0,0,832,32,0,1,1,0,1
3,0,0,748,32,0,1,1,1,1
0,0,1,805,33,1,1,1,0,1
3,0,0,832,32,0,1,1,1,1
3,0,1,1228,11,0,0,1,0,1
0,0,0,937,32,0,1,1,1,1
1,0,0,1163,29,1,1,1,0,1
1,0,0,882,32,0,1,1,1,1
0,0,0,903,32,0,1,1,1,1
0,0,0,903,32,0,1,1,0,1
1,0,0,1163,29,1,1,1,1,1
1,0,0,882,32,0,1,1,0,1
0,0,0,937,32,0,1,1,0,1
0,0,0,1120,29,1,1,1,0,1
3,1,0,1210,29,0,1,1,0,1
0,0,0,1120,29,1,1,1,1,1
0,0,0,1200,29,0,1,1,1,1
3,0,0,1205,29,0,1,1,0,1
3,0,0,1210,29,0,1,1,1,1
3,1,0,758,31,0,1,1,1,1
0,0,0,772,15,1,1,1,0,1
3,1,0,1100,31,1,1,1,0,1
0,1,0,691,29,0,1,1,0,1
0,0,0,577,10,0,1,1,1,1
0,0,0,1281,15,0,1,1,1,1
1,1,0,946,30,0,1,1,0,1
3,0,0,1069,29,1,1,1,0,1
0,0,0,1203,30,0,1,1,0,1
0,0,0,1265,30,1,1,1,1,1
2,1,0,780,29,0,1,1,0,1
0,0,0,482,10,0,1,1,1,1
0,0,1,681,7,1,1,1,0,0
0,0,0,506,10,0,1,1,0,1
3,1,0,1000,15,0,1,1,1,1
1,0,1,742,30,0,1,1,1,0
3,0,1,877,34,0,1,1,1,0
3,0,1,877,34,0,1,1,0,0
0,0,1,1039,11,0,0,1,1,0
3,1,1,751,30,0,1,1,0,0
3,1,1,1197,30,0,1,1,0,0
3,1,1,760,31,0,1,1,1,0
3,0,1,1039,11,0,0,1,0,0
3,1,1,1197,30,0,1,1,1,0
3,0,0,761,30,0,1,1,1,0
3,0,0,761,30,0,1,1,1,0
0,0,0,742,28,0,1,1,0,0
3,0,0,796,28,0,1,1,0,0
3,0,0,758,30,0,1,1,0,0
2,0,0,331,3,0,0,1,0,0
2,0,0,761,30,0,1,1,1,0
3,0,0,758,30,0,1,1,1,0
3,0,1,805,30,0,1,1,0,0
1,1,0,758,33,0,1,1,1,0
0,0,0,761,30,0,1,1,0,0
0,1,0,641,15,0,1,1,0,0
3,1,1,747,30,0,1,1,1,0
3,0,1,1388,30,0,1,1,0,0
0,0,1,723,28,0,1,1,1,0
1,0,0,1039,10,0,1,1,1,0
1,0,0,864,30,0,1,1,1,0
3,1,0,804,29,0,1,1,0,0
3,0,1,766,30,0,1,1,0,0
3,0,0,798,30,1,1,1,1,0
3,1,0,857,33,0,1,1,1,0
1,0,0,751,30,0,1,1,1,0
3,0,0,785,30,0,1,1,0,0
0,0,0,641,12,0,1,1,0,0
3,0,0,953,28,1,1,1,0,0
1,0,0,383,4,0,1,1,0,0
1,0,0,715,30,0,1,1,1,0
3,1,0,766,24,0,1,1,0,0
3,0,0,875,24,0,1,1,1,0
1,0,0,773,30,0,1,1,1,0
1,0,0,806,26,0,1,1,1,0
0,0,0,951,24,0,1,1,0,0
0,1,0,867,28,0,1,1,1,0
3,0,0,1024,24,1,1,1,0,0
1,0,0,793,28,0,1,1,1,0
3,1,0,753,28,0,1,1,1,0
3,1,0,805,29,0,1,1,0,0
1,0,0,756,27,0,1,1,1,0
3,1,0,818,28,0,1,1,0,0
3,1,0,884,28,0,1,1,1,0
1,0,1,749,26,1,1,1,1,0
1,0,1,777,28,0,1,1,1,0
3,0,1,956,28,0,1,1,0,0
3,0,1,1015,28,0,1,1,0,0
1,0,0,1150,30,0,1,1,1,0
3,0,1,839,29,0,1,1,0,0
1,0,1,751,28,0,1,1,1,0
3,0,0,853,29,1,1,1,0,0
3,0,1,711,25,0,1,1,0,1
3,0,1,812,25,1,1,1,0,1
3,0,1,1412,25,1,1,1,1,1
3,1,1,807,26,1,1,1,0,0
3,0,1,728,25,0,1,1,0,1
0,0,1,844,25,0,1,1,1,1
0,0,1,1294,25,1,1,1,1,1
0,1,1,1020,27,0,1,1,1,0
0,0,0,666,24,1,1,1,1,1
3,1,1,753,25,0,1,1,0,1
3,1,1,855,24,1,1,1,0,1
3,1,0,643,24,0,1,1,0,1
2,1,0,816,24,0,1,1,1,1
3,0,1,922,25,1,1,1,0,1
0,0,1,1448,25,1,1,1,1,1
1,1,1,526,0,1,0,1,1,1
3,0,0,1051,23,0,1,1,0,1
3,0,0,794,23,0,1,1,0,1
3,1,0,774,24,0,1,1,1,1
3,0,0,721,24,0,1,1,0,1
3,0,0,682,23,0,1,1,0,1
1,0,0,678,23,0,1,1,0,1
3,1,0,1224,23,0,1,1,1,1
3,1,0,627,24,0,1,1,0,1
1,1,0,702,23,0,1,1,0,1
1,1,0,637,23,0,1,1,0,1
3,1,0,1663,23,0,1,1,1,1
0,0,0,741,23,1,1,1,0,1
0,0,0,650,23,0,1,1,0,1
3,0,0,640,23,0,1,1,0,1
1,0,0,662,23,0,1,1,1,1
0,0,0,749,23,0,1,1,0,1
3,0,0,615,23,0,1,1,0,1
0,0,0,686,23,0,1,1,1,1
3,0,1,726,23,0,1,1,0,1
0,0,0,668,23,0,1,1,0,1
0,0,0,746,22,0,1,1,1,1
3,0,0,838,23,0,1,1,0,1
0,0,0,786,23,0,1,1,1,1
1,0,1,1000,22,1,1,1,1,1
1,1,1,282,0,0,1,0,0,1
3,0,1,1095,23,0,1,1,0,1
1,0,1,900,23,1,1,1,1,1
0,0,1,1474,23,0,1,1,1,0
0,1,1,852,23,0,1,1,1,1
3,0,1,1048,23,0,1,1,0,1
0,0,1,138,0,0,0,0,1,1
3,1,1,625,23,0,1,1,0,1
3,0,1,1115,23,0,1,1,0,0
3,1,0,767,29,0,1,1,0,0
3,1,0,763,29,0,1,1,1,0
3,0,0,889,23,0,1,1,0,0
3,1,0,939,29,0,1,1,0,0
0,0,1,821,23,0,1,1,0,0
3,1,0,777,29,0,1,1,1,0
0,0,0,746,23,0,1,1,1,0
3,0,0,714,29,0,1,1,0,0
3,0,0,723,29,0,1,1,0,0
0,0,0,230,0,0,0,1,1,0
3,0,0,846,30,0,1,1,0,0
0,0,0,734,29,0,1,1,1,0
0,0,0,1166,30,0,1,1,1,0
3,0,0,807,29,0,1,1,0,0
0,0,0,468,5,0,0,1,1,0
3,1,0,77,0,0,0,0,0,0
0,1,0,766,30,0,1,1,0,0
3,1,0,821,28,0,1,1,1,0
0,0,0,1006,30,1,1,1,0,0
3,1,0,807,30,0,1,1,0,0
0,1,0,832,29,0,1,1,1,0
1,0,0,854,30,1,1,1,1,0
0,0,0,818,30,0,1,1,1,0
1,0,0,306,0,1,1,1,0,0
0,1,1,204,0,0,0,1,0,0
0,1,1,965,30,0,1,1,1,0
1,0,0,948,30,0,1,1,1,0
3,0,1,1655,30,1,1,1,0,0
0,0,1,1038,30,0,1,1,1,0
3,0,0,145,0,0,0,0,0,0
0,1,0,1032,29,0,1,1,0,0
3,1,0,147,0,0,0,0,1,0
0,0,0,114,0,0,0,0,0,0
1,0,0,14,0,0,0,0,1,0
3,0,0,149,0,0,0,1,0,0
3,1,0,933,30,0,1,1,1,0
1,0,0,854,30,0,1,1,1,0
3,0,0,1030,30,1,1,1,0,0
1,1,0,210,0,0,0,1,0,0
0,0,1,54,0,0,0,0,1,0
1,0,0,1102,30,1,1,1,0,0
3,0,0,853,30,0,1,1,1,0
3,0,1,205,0,0,0,0,0,0
3,0,1,336,0,1,1,0,0,1
0,1,1,346,0,0,0,0,0,1
0,0,0,74,0,0,0,0,1,1
0,0,1,103,0,0,0,0,1,1
3,1,1,1085,30,1,1,1,0,1
0,1,1,406,0,0,1,1,1,1
3,0,1,154,0,0,0,0,1,1
0,0,0,1130,30,1,1,1,0,1
3,0,0,228,0,1,1,0,1,1
0,1,0,1230,30,1,1,1,0,1
3,0,0,1041,30,1,1,1,0,1
0,0,0,881,28,0,1,1,1,1
0,1,0,210,0,1,0,0,1,1
1,0,0,876,30,0,1,1,0,1
3,0,1,727,29,0,1,1,1,0
2,0,0,132,0,0,0,0,0,1
3,0,1,800,30,0,1,1,0,1
1,1,0,969,30,0,1,1,0,1
3,0,1,688,29,0,1,1,1,1
1,1,0,310,0,0,1,0,1,1
3,0,1,987,30,0,1,1,0,1
3,0,0,715,29,0,1,1,1,1
0,1,1,753,29,0,1,1,1,0
3,1,1,770,29,0,1,1,0,0
3,0,1,804,29,0,1,1,0,0
3,0,1,673,30,0,1,1,1,0
3,0,1,690,29,0,1,1,0,0
3,0,1,836,29,1,1,1,0,0
1,1,1,768,29,0,1,1,0,0
1,1,1,97,0,0,0,0,1,0
3,0,1,1083,30,1,1,1,0,0
3,0,1,690,29,0,1,1,0,0
0,0,0,887,29,1,1,1,0,0
3,0,0,672,30,1,0,0,0,0
3,0,0,86,0,0,0,0,0,0
3,0,1,1302,30,1,1,1,0,0
3,0,1,689,30,0,1,1,0,0
0,0,1,84,0,1,0,0,0,0
3,0,1,164,5,0,0,1,0,0
0,1,1,548,0,0,0,1,0,0
1,0,0,467,0,0,0,0,0,0
0,0,1,37,0,0,0,1,1,0
1,0,0,1340,29,0,1,1,1,0
1,1,1,44,0,0,0,0,1,0
2,0,1,94,0,0,1,0,1,0
0,1,0,145,0,0,1,0,0,0
3,0,1,141,0,0,0,1,0,0
0,0,0,1620,26,1,1,1,0,0
1,1,0,303,1,0,1,0,1,0
0,0,0,1331,20,0,1,1,1,0
1,1,0,272,0,0,0,0,0,0
3,0,0,742,20,0,1,1,0,0
3,0,0,330,5,0,0,0,0,0
2,0,0,82,0,1,0,0,0,0
3,1,0,327,6,0,0,1,1,0
3,0,0,700,20,0,1,1,1,0
0,0,0,62,0,0,0,0,0,0
0,0,0,51,0,0,1,0,1,0
3,1,0,654,20,0,1,1,0,0
3,1,0,604,20,0,1,1,0,0
3,1,0,668,20,0,1,1,0,0
3,0,0,631,20,0,1,1,0,0
3,1,0,604,20,0,1,1,0,0
1,1,0,762,20,1,1,1,0,0
0,0,0,604,20,0,1,1,1,0
0,0,0,650,20,0,1,1,1,0
3,0,1,662,20,1,1,1,0,0
3,0,0,685,20,0,1,1,0,0
3,0,1,818,20,0,1,1,0,0
3,0,0,716,20,0,1,1,0,0
2,0,0,102,0,0,0,0,1,0
0,0,0,681,20,0,1,1,1,0
1,1,1,1097,20,1,1,1,0,0
1,1,1,1392,20,0,1,1,0,0
1,1,1,1398,20,0,1,1,0,0
0,0,1,839,20,1,1,1,0,0
1,1,1,1387,10,0,1,1,0,0
3,0,1,159,0,0,0,0,0,0
3,1,1,720,20,0,1,1,0,0
1,1,1,1358,20,0,1,1,0,0
1,1,1,1381,20,0,1,1,0,0
0,1,1,1273,13,0,1,1,0,0
1,1,1,1339,20,0,1,1,0,0
1,1,1,1380,20,0,1,1,0,0
0,1,1,1486,20,0,1,1,0,0
0,1,1,1405,20,0,1,1,0,0
0,1,1,1237,13,0,1,1,0,0
0,1,1,1407,20,0,1,1,0,0
0,1,1,1355,20,0,1,1,0,0
0,1,1,1447,20,0,1,1,0,0
0,1,1,1397,20,0,1,1,0,0
0,1,1,1352,20,0,1,1,0,0
0,1,1,1358,20,0,1,1,0,0
0,1,1,1581,21,0,1,1,0,0
0,0,1,1313,20,0,1,1,1,0
3,0,1,780,30,0,1,1,0,0
0,0,1,1481,10,1,1,1,0,0
0,0,1,1481,10,1,1,1,0,0
3,0,0,773,29,0,1,1,0,0
0,0,1,1481,10,1,1,1,0,0
3,0,0,801,29,0,1,1,0,0
3,0,0,881,20,1,1,1,1,0
3,0,1,936,29,0,1,1,0,0
3,1,0,932,30,1,1,1,0,0
3,0,0,48,0,0,0,0,1,0
3,0,0,765,29,0,1,1,0,0
3,1,0,811,29,0,1,1,0,0
3,1,0,968,29,0,1,1,0,0
3,1,0,784,29,0,1,1,0,0
3,1,0,767,30,0,1,1,0,0
1,0,0,800,29,0,1,1,0,0
3,0,0,833,29,0,1,1,0,0
3,0,0,1054,29,1,1,1,0,0
0,0,0,763,29,0,1,1,0,0
3,0,0,770,29,0,1,1,0,0
3,0,0,769,29,0,1,1,0,0
3,0,0,847,29,0,1,1,0,0
3,0,0,824,29,0,1,1,0,0
3,0,0,863,29,1,1,1,0,0
3,1,0,887,29,1,1,1,0,0
0,0,0,743,29,0,1,1,0,0
3,1,0,848,30,0,1,1,0,0
0,1,0,1066,29,0,1,1,0,0
3,1,0,1038,29,1,1,1,1,0
3,0,0,991,29,1,1,1,0,0
3,0,0,880,29,0,1,1,0,0
0,0,0,964,29,0,1,1,0,0
1,0,0,1063,29,0,1,1,0,0
1,0,0,743,29,0,1,1,0,0
3,0,0,1375,30,0,1,1,0,0
3,0,0,1116,29,1,1,1,0,0
1,0,0,884,29,1,1,1,1,0
2,0,0,730,29,0,1,1,0,0
3,0,0,794,29,0,1,1,1,0
3,0,0,473,30,1,0,0,0,0
3,0,0,965,29,0,1,1,0,0
3,0,0,794,29,0,1,1,1,0
0,0,0,791,24,0,1,1,0,0
3,0,0,1066,30,0,1,1,0,0
0,0,0,623,30,1,0,0,0,0
3,0,0,408,30,0,1,0,0,0
3,1,0,791,29,1,0,0,0,0
3,1,0,568,30,0,0,1,0,0
0,1,1,730,29,0,1,1,0,0
0,1,1,799,29,0,1,1,1,0
0,1,1,1142,29,1,1,1,0,0
0,1,0,912,29,0,1,1,1,0
3,0,0,728,30,1,0,1,0,0
3,1,0,826,30,1,0,0,0,0
3,0,1,798,30,0,1,1,0,0
3,0,1,730,29,0,1,1,0,0
0,0,1,922,30,0,1,1,0,0
0,0,1,1174,29,1,1,1,0,0
0,0,1,742,29,0,1,1,1,0
3,0,1,831,29,0,1,1,0,0
0,0,1,756,29,0,1,1,1,0
3,1,1,1206,29,1,1,1,0,0
0,0,1,466,0,1,0,1,0,0
3,0,1,780,29,0,1,1,1,0
0,0,1,1063,29,0,1,1,0,0
0,0,1,1037,29,0,1,1,0,0
0,0,1,873,29,0,1,1,0,0
3,0,1,716,29,0,1,1,0,0
0,0,1,123,2,1,0,0,0,0
0,0,0,810,29,0,1,1,1,0
1,1,1,108,0,1,0,0,0,0
0,1,1,774,29,0,1,1,1,0
0,0,0,949,30,0,1,1,0,0
1,1,1,892,29,0,1,1,1,0
0,0,0,210,0,0,1,1,0,0
3,0,1,316,0,0,0,0,0,0
0,1,1,155,0,0,1,1,0,0
3,0,0,114,0,0,1,0,0,0
3,0,0,71,0,0,0,0,0,0
3,0,0,949,30,0,1,1,0,0
0,1,0,587,30,0,0,0,0,0
0,1,0,587,30,0,0,0,0,0
0,1,0,605,28,0,0,1,0,0
3,0,0,587,30,0,0,0,0,0
0,1,0,844,29,0,1,1,1,0
0,0,0,865,29,0,1,1,1,0
3,0,0,16,0,0,0,1,0,0
0,1,0,585,30,0,0,0,0,0
0,0,0,75,0,0,0,0,0,0
1,0,0,729,30,0,0,1,0,0
3,0,0,949,30,0,1,1,0,0
0,0,0,133,0,0,0,0,0,0
0,1,0,806,29,0,1,1,1,0
0,0,0,951,29,0,1,1,1,0
0,0,0,217,0,0,0,1,0,0
3,0,0,206,0,0,0,0,0,0
3,0,0,871,29,0,1,1,1,0
3,0,0,69,0,0,0,0,0,0
3,0,0,949,30,0,1,1,0,0
1,0,0,1222,15,0,0,0,0,0
0,0,0,307,0,0,1,1,0,0
3,0,0,228,0,1,0,0,0,0
3,0,0,62,0,0,0,0,0,0
3,0,0,215,0,1,0,0,0,0
3,0,0,32,0,0,0,0,1,0
3,0,0,949,30,0,1,1,0,0
3,0,0,32,0,0,0,0,1,0
3,1,0,143,0,0,0,0,0,0
0,0,0,140,0,0,0,0,0,0
3,1,0,949,30,0,1,1,0,0
0,0,0,949,30,0,1,1,0,0
3,0,0,950,30,0,1,1,0,0
3,0,0,137,0,0,0,0,0,0
0,0,0,564,30,0,0,0,0,0
0,0,0,949,30,0,1,1,0,0
2,0,0,78,0,0,0,0,1,0
0,0,0,1330,29,0,1,1,0,0
0,0,0,949,30,0,1,1,0,0
0,0,0,316,0,0,1,0,0,0
0,0,0,36,0,0,1,0,1,0
0,0,0,949,30,0,1,1,0,0
3,1,0,46,0,1,0,0,0,0
3,1,1,53,0,1,0,0,0,0
3,0,1,65,0,0,0,1,0,0
3,0,1,55,0,0,0,0,1,0
0,0,1,47,0,0,0,0,1,0
3,0,1,50,0,0,0,0,0,0
0,1,1,239,0,0,0,1,1,0
1,1,0,49,0,0,0,1,1,0
3,0,1,202,0,0,1,1,0,0
3,0,1,92,0,0,0,0,0,0
3,0,1,64,0,1,0,0,0,0
0,0,1,247,6,0,0,0,1,0
3,1,0,109,0,0,0,0,0,0
3,0,1,36,0,0,0,0,1,0
3,1,0,605,28,0,0,1,0,0
0,1,0,53,0,0,1,0,1,1
0,0,0,141,0,0,0,0,0,0
0,0,0,564,30,0,0,0,0,0
3,0,0,936,30,0,1,1,0,0
3,0,0,18,0,0,0,0,0,0
3,0,0,40,0,0,0,0,0,0
1,0,0,171,0,0,0,0,1,1
0,0,0,108,0,0,0,0,1,1
1,0,0,357,30,0,0,0,1,0
3,0,0,112,0,0,0,0,0,0
1,0,0,73,0,0,0,0,0,0
1,0,0,123,0,0,0,0,1,0
3,1,0,130,0,0,0,0,0,0
0,0,0,56,0,0,0,0,1,1
3,0,0,86,0,0,0,0,0,0
1,1,0,37,0,0,0,0,1,0
0,1,0,51,0,0,0,0,1,0
3,0,0,356,0,0,0,1,0,0
0,0,0,211,10,0,0,0,1,1
0,0,0,27,0,0,0,0,1,0
1,1,0,63,0,0,0,0,1,0
1,1,0,16,0,0,0,0,0,0
3,0,0,174,0,0,0,1,0,0
3,0,0,37,0,0,0,0,1,1
0,0,0,346,0,1,0,1,0,0
3,0,0,74,0,0,0,1,0,0
3,0,0,117,4,0,1,1,1,1
3,0,0,137,4,0,0,0,0,0
3,0,0,71,0,0,0,0,0,0
0,0,0,57,0,0,0,0,0,0
3,0,0,540,0,1,0,1,1,0
0,0,0,113,0,0,0,0,1,0
1,0,0,395,0,0,0,0,1,0
3,1,0,48,0,0,1,0,1,0
0,1,0,89,0,1,0,1,0,0
3,0,0,160,7,0,0,0,1,0
3,1,0,21,0,0,1,0,1,1
3,1,0,40,0,0,0,0,0,0
3,1,0,132,0,0,0,0,0,0
0,0,0,520,29,0,1,0,0,0
0,1,0,76,0,0,1,1,1,1
3,0,0,153,0,0,1,0,0,0
0,0,1,481,29,0,0,1,0,1
3,1,1,155,0,0,0,1,0,0
0,0,1,362,29,0,0,0,1,1
1,0,1,454,31,0,1,0,0,1
0,1,1,76,0,0,0,0,1,0
2,0,1,29,0,0,0,0,1,1
0,0,1,15,0,0,0,0,1,1
1,0,1,91,0,0,0,0,1,1
3,0,1,242,0,0,0,0,0,1
0,0,1,195,0,1,0,0,0,1
0,0,1,315,0,1,0,1,0,1
3,0,1,94,0,0,0,0,0,1
3,0,1,484,29,1,0,0,0,1
3,0,1,68,0,0,0,0,0,1
0,1,1,35,0,0,0,0,1,1
3,0,1,166,0,0,0,0,1,1
0,1,1,66,0,1,0,0,0,1
3,0,1,267,0,0,0,0,0,1
1,0,1,238,0,1,0,0,1,1
1,0,1,399,29,0,0,0,0,1
3,1,1,420,29,1,0,0,0,1
3,1,1,377,29,0,0,0,0,1
3,0,0,749,32,0,0,1,0,1
3,1,1,34,0,0,0,0,0,1
3,1,1,58,0,1,0,0,1,1
0,1,1,81,0,0,0,0,1,1
0,0,0,586,29,0,0,0,0,1
3,1,1,12,0,0,0,0,0,1
3,0,0,128,5,0,0,0,1,1
3,0,0,289,0,0,1,1,1,1
0,0,0,611,29,1,0,0,0,1
3,0,0,549,29,0,0,1,0,1
3,0,0,436,30,0,0,0,0,1
3,0,0,431,28,0,0,0,0,1
3,0,0,505,31,0,0,0,0,1
3,0,0,498,29,1,0,0,0,1
3,0,0,729,30,0,0,1,0,1
3,0,0,251,0,0,0,1,1,1
3,0,0,450,29,0,0,0,0,1
0,0,0,1149,15,0,0,0,0,1
0,0,0,411,5,0,1,0,1,1
3,0,0,473,28,0,0,1,0,1
3,1,0,742,29,1,0,1,0,1
0,1,0,355,29,0,0,0,0,1
0,0,0,658,29,1,0,0,0,1
0,1,0,752,30,0,0,1,0,1
0,0,0,999,30,0,0,1,0,1
0,1,0,33,0,0,0,0,1,1
3,0,0,374,29,0,0,0,0,1
1,0,0,752,30,0,0,1,0,1
3,0,0,430,30,0,0,0,0,1
3,0,0,414,29,0,0,1,0,1
1,0,0,27,0,0,0,1,1,1
3,0,0,752,30,0,0,1,0,1
0,0,0,381,27,0,0,0,0,1
3,0,0,1310,15,0,1,1,0,1
0,0,0,459,29,0,0,0,0,1
0,0,0,118,3,0,0,0,1,1
3,0,0,575,28,0,0,1,0,1
0,0,0,879,29,1,1,1,0,1
3,0,0,505,28,0,0,1,0,1
0,0,0,94,0,0,0,0,0,1
3,0,0,999,30,0,0,1,0,1
0,0,0,229,7,0,0,0,1,1
0,0,0,482,29,1,0,0,0,1
0,1,0,561,14,0,1,1,0,1
3,1,0,660,30,0,0,1,0,1
3,1,0,496,29,0,0,1,0,1
3,1,0,433,29,0,0,0,0,1
3,0,0,439,14,0,0,1,1,1
3,0,0,415,29,0,0,0,0,1
0,0,0,749,32,0,0,1,0,1
3,0,0,561,14,0,1,1,0,1
0,0,0,529,29,1,0,1,0,1
3,0,0,354,29,0,0,0,0,1
0,0,0,61,0,0,1,0,1,1
0,0,0,563,29,0,0,0,0,1
3,0,0,376,30,0,0,0,0,1
1,0,0,802,30,0,0,1,0,1
3,0,0,588,30,0,0,1,0,1
0,0,0,357,29,1,0,0,0,1
0,0,0,76,0,0,0,0,1,1
3,0,0,374,28,0,0,0,0,1
0,0,0,758,5,1,0,1,1,1
3,0,0,435,29,0,0,1,0,1
0,0,0,560,30,0,0,0,0,1
3,0,0,500,0,0,0,1,0,1
1,1,1,1014,31,1,0,1,0,1
3,1,1,709,28,0,1,1,0,1
1,1,1,112,0,1,1,0,1,1
3,1,1,62,3,1,0,0,0,1
3,1,1,703,15,0,1,1,0,1
3,1,1,703,4,1,1,1,0,1
3,1,1,21,0,0,1,0,1,1
3,1,1,647,29,0,0,0,0,1
3,0,1,621,29,0,0,1,0,1
0,0,1,1030,32,0,1,1,0,1
0,0,1,475,27,1,0,0,0,1
3,0,1,660,30,0,0,1,0,1
3,0,1,479,29,0,0,0,0,1
3,0,1,613,31,1,0,1,0,1
3,0,1,808,30,0,1,1,1,1
0,0,1,782,28,0,0,1,0,1
3,0,1,610,31,0,0,0,0,1
0,0,1,60,0,0,0,0,0,1
3,0,1,863,25,0,1,1,0,1
3,0,1,497,31,0,0,0,0,1
1,0,1,631,31,0,0,1,0,1
3,0,1,605,28,0,1,1,0,1
3,0,1,562,29,0,0,0,0,1
3,0,1,469,29,0,0,0,0,0
3,0,1,495,28,0,0,0,0,0
0,0,1,173,0,0,0,0,1,0
1,0,1,100,8,0,0,1,1,0
3,0,1,834,25,1,1,1,0,0
1,0,1,605,28,0,0,1,0,0
3,1,1,673,26,1,0,1,0,0
3,0,1,521,28,0,1,0,0,0
3,1,1,505,29,0,0,0,0,0
1,0,1,188,9,0,0,0,0,0
3,1,1,552,25,0,0,1,0,0
3,1,1,785,30,0,1,1,0,0
1,0,1,520,27,1,0,0,1,0
0,0,1,517,28,0,0,1,0,0
3,0,1,357,29,0,0,0,0,0
3,0,1,283,3,1,0,1,0,0
3,0,1,488,0,1,1,1,0,0
3,0,1,1086,15,0,0,0,1,0
3,0,1,1084,15,0,0,0,0,0
3,0,1,171,0,0,0,1,1,0
0,1,1,86,0,0,0,0,0,0
0,1,1,68,0,0,1,0,1,0
3,0,1,812,31,1,0,1,0,0
3,0,1,600,31,0,0,1,0,0
0,0,0,1138,15,0,0,0,0,0
0,0,1,613,30,0,0,1,0,0
3,0,0,398,31,0,0,0,0,0
3,0,0,232,0,0,0,0,0,0
3,0,0,582,31,0,0,1,0,0
3,0,0,1084,15,0,0,0,0,0
3,1,0,515,31,0,0,1,0,0
3,0,0,504,31,0,0,0,0,0
3,1,0,650,30,0,0,1,0,0
1,1,0,552,29,0,0,1,1,0
3,0,0,610,31,1,0,1,0,0
0,1,0,478,31,0,0,0,0,0
1,1,0,638,31,0,0,0,0,0
3,0,0,822,31,0,0,1,0,0
0,1,0,703,32,0,0,1,0,0
1,0,0,27,0,0,0,0,1,0
1,0,0,612,30,0,0,1,0,0
0,0,0,711,28,0,1,1,0,0
1,0,0,692,30,0,0,1,0,0
3,0,0,561,30,0,0,0,0,0
3,0,0,422,31,0,0,0,0,0
3,0,0,179,0,1,0,0,0,0
3,0,0,605,28,0,0,1,0,0
0,0,0,717,30,0,0,1,0,0
3,0,0,597,30,0,0,1,0,0
3,0,0,802,30,1,0,1,0,0
3,0,0,471,30,0,0,0,0,0
0,0,0,552,29,0,0,1,1,0
3,0,0,198,0,1,1,0,0,0
2,0,0,551,29,0,0,1,1,0
2,0,0,822,28,1,1,1,0,0
3,0,0,110,0,0,1,0,0,0
1,1,0,744,30,0,0,1,0,0
2,0,0,686,30,0,0,1,0,0
0,1,0,613,29,1,0,1,1,0
1,1,0,55,0,0,0,0,1,0
1,0,0,770,30,0,1,1,0,0
3,0,0,661,30,0,1,1,0,0
2,0,0,27,0,1,0,0,1,0
3,0,0,85,0,0,0,0,0,0
3,0,0,226,5,0,0,1,0,0
3,0,0,637,31,0,0,1,0,0
3,0,0,536,29,0,0,0,0,0
3,0,0,61,0,0,0,0,0,0
0,0,0,24,0,0,0,0,1,0
1,0,0,48,0,0,0,0,1,0
0,1,0,765,30,1,0,1,0,0
3,0,0,69,0,0,1,0,0,0
0,0,0,702,30,0,0,1,0,0
3,0,0,550,30,0,0,1,0,0
0,0,0,601,30,0,0,1,0,0
3,0,0,64,0,0,0,0,0,0
3,0,0,80,0,0,0,0,0,0
1,1,0,654,30,0,0,1,0,0
1,0,1,701,30,1,0,1,0,0
1,1,0,562,29,0,0,1,1,0
1,0,1,660,30,0,0,1,0,0
1,0,1,924,30,0,1,1,0,0
3,0,1,640,30,1,0,1,0,0
3,0,1,536,31,0,0,0,0,0
0,0,1,938,30,0,1,1,0,0
3,0,1,615,30,0,0,1,0,0
3,0,1,55,0,0,0,0,1,0
3,0,1,104,0,0,0,0,1,0
3,0,1,381,0,1,0,1,0,0
2,0,1,694,30,0,0,1,0,0
0,0,1,656,0,0,0,1,0,0
3,0,1,694,30,0,0,1,0,0
3,0,1,735,30,1,0,1,0,0
3,0,1,24,0,0,0,0,0,0
3,0,1,702,30,1,0,1,0,0
3,0,1,82,0,0,0,0,0,0
3,0,1,221,0,1,0,0,0,0
0,0,1,685,30,0,1,1,0,0
3,0,1,640,30,0,0,1,0,0
1,0,1,630,30,0,0,1,0,0
0,0,1,720,30,1,0,1,0,0
3,0,1,164,0,0,0,1,0,0
0,0,1,660,30,0,0,1,0,0
0,1,1,694,30,0,0,1,0,0
3,1,1,792,30,1,0,1,0,0
0,1,1,171,0,0,0,0,1,0
3,0,1,717,30,0,0,1,0,0
0,0,1,916,30,0,1,1,1,0
1,1,1,24,0,0,0,0,1,0
0,1,1,648,30,1,0,1,0,0
3,1,1,678,30,0,0,1,0,0
0,0,1,746,30,1,1,1,0,0
3,0,1,727,30,0,0,1,0,0
3,0,1,617,31,0,0,0,0,0
0,0,1,921,30,0,1,1,0,0
3,0,1,1022,30,0,0,1,0,0
3,0,1,746,30,1,1,1,0,0
3,0,1,874,30,1,0,1,0,0
0,0,1,203,4,1,0,0,0,0
3,0,1,546,4,1,0,0,0,0
0,0,1,746,30,1,1,1,0,0
1,0,1,727,31,0,0,1,0,0
3,0,1,826,25,0,1,1,0,0
3,0,1,127,1,0,0,1,0,0
0,0,1,457,30,0,0,0,0,0
1,0,1,874,30,1,0,1,0,0
3,0,1,1108,1,1,0,0,0,0
1,0,1,80,0,0,0,0,1,0
1,0,1,727,30,0,0,1,0,0
0,0,1,714,30,0,0,1,0,0
0,0,1,702,30,0,0,1,0,0
1,1,0,541,31,0,1,0,1,0
0,0,1,633,30,0,0,1,0,0
1,1,0,219,14,0,0,0,1,0
1,1,0,573,31,1,0,1,0,0
3,1,0,502,31,1,0,0,0,0
3,1,0,564,30,1,1,1,0,0
0,1,0,510,31,1,0,0,0,0
1,1,0,854,30,1,1,1,0,0
0,1,0,668,30,1,1,0,0,0
2,0,0,519,30,1,0,0,1,0
1,0,0,867,30,1,0,1,0,0
0,0,0,634,30,0,0,1,0,0
0,0,0,903,30,1,1,1,0,0
1,0,0,519,32,0,0,0,0,0
3,0,0,897,31,0,0,0,0,0
0,0,0,622,30,0,0,1,0,0
0,0,0,199,11,1,0,0,1,0
0,0,0,619,30,0,0,1,0,0
2,0,0,21,0,0,0,0,1,0
3,0,0,294,9,0,0,1,0,0
2,1,0,1087,15,0,0,0,0,0
0,0,0,829,30,0,0,1,0,0
2,1,0,122,7,0,0,0,0,0
0,0,0,288,8,0,0,0,1,0
2,1,0,85,7,0,0,0,1,0
0,0,0,758,31,0,1,1,0,0
3,0,0,1068,15,0,0,0,0,0
1,0,0,1126,30,0,1,1,0,0
2,0,0,1136,30,0,1,1,0,0
2,0,0,1235,30,0,1,1,0,0
2,1,0,1235,30,0,1,1,0,0
3,0,0,651,28,0,1,1,0,0
2,1,0,1235,30,0,1,1,0,0
1,0,0,70,6,0,0,0,1,0
1,0,0,1235,30,0,1,1,0,0
3,1,0,1235,30,0,1,1,0,0
3,1,0,1235,30,0,1,1,0,0
0,0,1,1136,30,0,1,1,0,0
3,1,0,1235,30,0,1,1,0,0
3,1,0,598,14,0,0,1,0,0
3,1,0,579,14,0,0,1,0,0
0,0,1,1136,30,0,1,1,0,0
3,1,1,1126,30,0,1,1,0,0
0,1,1,1139,15,0,0,0,0,0
3,1,1,1126,30,0,1,1,0,0
0,1,1,1156,15,0,0,0,0,0
3,1,1,1126,30,0,1,1,0,0
0,1,1,586,14,0,0,1,0,0
3,1,1,1126,30,0,1,1,0,0
3,1,1,1235,30,0,1,1,0,0
2,0,1,1126,30,0,1,1,0,0
1,0,1,1126,30,0,1,1,0,0
1,1,1,1126,30,0,1,1,0,0
1,1,1,1126,30,0,1,1,0,0
1,0,1,1126,30,0,1,1,0,0
2,1,1,1153,15,0,0,0,0,0
2,1,1,605,14,0,0,1,0,0
1,1,1,1126,30,0,1,1,0,0
2,1,1,1083,15,0,0,0,0,0
2,0,0,599,14,0,0,1,0,0
1,1,0,1126,30,0,1,1,0,0
1,0,0,643,28,0,1,1,0,0
1,1,0,1126,30,0,1,1,0,0
0,1,0,1235,30,0,1,1,0,0
2,0,0,598,14,0,0,1,0,0
3,0,0,255,0,0,0,0,0,0
3,0,0,1126,30,0,1,1,0,0
1,0,0,1235,30,0,1,1,0,0
3,0,0,1235,30,0,1,1,0,0
0,1,0,1126,30,0,1,1,0,0
0,0,0,507,30,0,1,0,0,0
2,0,0,1126,30,0,1,1,0,0
2,1,1,1167,15,0,0,0,0,0
2,1,1,1167,15,0,0,0,0,0
0,0,0,1126,30,0,1,1,0,0
2,0,0,1169,15,0,0,0,0,0
0,1,1,1126,30,0,1,1,0,0
3,1,1,1126,30,0,1,1,0,0
0,1,1,1126,30,0,1,1,0,0
2,1,1,548,23,1,0,1,0,0
2,0,1,1126,30,0,1,1,0,0
2,0,1,1068,15,0,0,0,0,0
2,0,1,1167,15,0,0,0,0,0
1,0,1,709,28,0,1,1,0,0
2,0,1,1151,15,0,0,0,0,0
2,0,1,709,28,0,1,1,0,0
1,0,1,700,28,0,1,1,0,0
1,1,1,633,28,0,1,1,0,0
1,1,1,669,28,0,1,1,0,0
1,1,1,1126,30,0,1,1,0,0
1,1,1,1126,30,0,1,1,0,0
1,1,1,1126,30,0,1,1,0,0
0,0,1,917,30,0,1,1,0,0
0,0,1,518,11,1,1,1,0,0
2,0,0,698,28,0,1,1,0,0
0,0,0,932,6,0,0,1,0,0
2,0,0,698,28,0,1,1,0,0
0,0,0,932,6,0,0,1,0,0
2,0,0,700,28,0,1,1,0,0
2,0,0,698,28,0,1,1,0,0
1,0,0,1068,15,0,0,0,0,0
1,0,0,1151,15,0,0,0,0,0
0,0,0,1068,15,0,0,0,0,0
3,0,0,1047,30,0,1,1,0,0
0,0,0,610,11,1,1,1,0,0
3,0,0,1151,15,0,0,0,0,0
2,0,0,703,15,0,1,1,0,0
2,0,0,1093,21,1,1,1,0,0
1,0,0,917,30,0,1,1,0,0
2,0,0,1124,21,1,1,1,0,0
3,1,0,917,30,0,1,1,0,0
0,0,0,1047,30,0,1,1,0,0
2,0,0,1068,15,0,0,0,0,0
1,0,0,1047,30,0,1,1,0,0
1,0,0,1047,30,0,1,1,0,0
3,1,0,1047,30,0,1,1,0,0
3,0,0,1047,30,0,1,1,0,0
0,1,0,863,30,0,1,1,0,0
2,0,1,930,31,0,1,1,0,0
2,1,1,1168,15,0,0,0,0,0
2,0,1,917,30,0,1,1,0,0
2,0,1,1047,30,0,1,1,0,0
1,1,1,536,23,0,0,1,0,0
2,0,1,930,31,0,1,1,0,0
0,1,1,1047,30,0,1,1,0,0
3,0,1,283,5,0,1,0,0,0
1,1,1,1154,15,0,0,0,0,0
2,1,1,863,30,0,1,1,0,0
2,0,1,1139,15,0,0,0,0,0
1,0,1,1165,15,1,0,0,0,0
3,1,0,250,4,0,1,1,0,0
0,1,0,400,8,1,1,0,0,0
2,0,1,1138,15,0,0,0,0,0
2,1,1,175,4,0,0,0,0,0
2,0,1,1132,15,0,0,0,0,0
3,0,1,230,7,0,0,0,0,0
3,1,0,1011,31,0,1,1,0,0
3,0,0,708,28,0,1,1,0,0
3,0,0,708,28,0,1,1,0,0
3,1,0,708,28,0,1,1,0,0
3,0,0,709,28,0,1,1,0,0
3,0,0,708,28,0,1,1,0,0
3,0,0,708,28,0,1,1,0,0
1,0,0,1011,31,0,1,1,0,0
2,0,0,1017,31,0,1,1,0,0
1,0,0,1005,31,0,1,1,0,0
0,0,0,1017,31,0,1,1,0,0
1,0,0,1047,30,0,1,1,0,0
0,0,0,886,15,0,1,0,0,0
2,0,0,536,23,0,0,1,0,0
2,0,0,536,23,0,0,1,0,0
1,0,0,1021,31,0,1,1,0,0
2,0,0,1021,31,0,1,1,0,0
3,0,0,1018,31,0,1,1,0,0
1,0,0,1160,15,0,1,0,0,0
1,0,0,1008,31,0,1,1,0,0
0,1,0,536,23,0,0,1,0,0
1,1,0,1005,31,0,1,1,0,0
1,0,0,283,0,0,1,0,0,0
3,0,0,1015,31,0,1,1,0,0
1,0,0,1005,31,0,1,1,0,0
3,0,0,1008,31,0,1,1,0,0
3,1,0,1005,31,0,1,1,0,0
3,1,0,1005,31,0,1,1,0,0
3,0,0,1008,31,0,1,1,0,0
3,1,0,1005,31,0,1,1,0,0
3,0,0,1009,31,0,1,1,0,0
1,0,1,14,0,0,0,0,0,0
1,1,1,959,31,0,1,1,0,0
1,1,1,959,31,0,1,1,0,0
3,1,1,959,31,0,1,1,0,0
3,0,0,1005,31,0,1,1,0,0
1,1,1,959,31,0,1,1,0,0
1,0,1,950,31,0,1,1,0,0
1,1,1,952,13,1,1,1,0,0
1,0,1,925,31,0,1,1,0,1
1,0,1,541,23,0,0,1,0,1
3,0,1,925,31,0,1,1,0,0
1,0,1,925,31,0,1,1,0,1
3,0,1,925,31,0,1,1,0,0
1,0,1,453,32,0,1,0,0,1
1,0,1,1047,30,0,1,1,0,1
1,0,1,1047,30,0,1,1,0,1
1,1,1,129,0,0,1,0,1,1
1,1,1,78,0,0,0,0,1,1
1,1,1,863,30,0,1,1,0,1
2,1,1,1047,30,0,1,1,1,1
3,1,1,925,31,0,1,1,0,1
3,0,0,925,31,0,1,1,0,1
0,0,0,1006,30,0,1,1,0,1
1,0,0,925,31,0,1,1,0,1
3,1,1,925,31,0,1,1,0,1
1,0,0,925,31,0,1,1,0,1
3,0,0,863,30,0,1,1,0,1
0,0,0,1006,30,0,1,1,0,1
1,1,0,1181,15,0,0,0,0,1
0,0,0,1006,30,0,1,1,0,1
0,0,0,1006,30,0,1,1,0,1
1,0,0,788,15,0,1,0,0,1
0,0,0,1006,30,0,1,1,0,1
2,1,0,543,23,0,0,1,0,1
1,1,0,1132,15,0,0,0,0,1
1,1,0,1180,15,0,0,0,0,1
0,1,0,568,23,0,0,1,0,1
0,1,0,568,23,0,0,1,0,1
0,1,0,568,23,0,0,1,0,1
3,1,0,784,15,0,1,0,0,1
3,1,0,788,15,0,1,0,0,1
3,0,0,862,30,0,1,1,0,1
0,1,0,546,23,0,0,1,0,1
3,1,0,1087,15,0,1,0,0,1
0,1,0,566,26,0,0,1,0,1
0,1,0,542,23,0,0,1,0,1
3,1,0,788,15,0,1,0,0,1
1,0,0,1019,30,0,1,1,0,1
3,0,0,337,28,0,0,0,0,1
0,0,0,784,15,0,1,0,0,1
0,0,0,542,23,0,0,1,0,1
0,0,0,863,30,0,1,1,0,1
3,0,0,842,30,0,1,1,0,1
3,0,0,862,30,0,1,1,0,1
3,0,0,535,23,0,0,1,0,1
0,0,0,862,30,0,1,1,0,1
0,0,0,862,30,0,1,1,0,1
2,1,0,862,30,0,1,1,0,1
2,1,0,862,30,0,1,1,0,1
0,0,0,858,30,0,1,1,0,1
2,1,0,863,30,0,1,1,0,1
0,1,0,546,23,0,0,1,0,1
2,1,0,862,30,0,1,1,0,1
1,1,0,546,23,0,0,1,0,1
1,0,0,1019,30,0,1,1,0,1
1,0,0,580,23,0,0,1,0,1
3,1,0,1019,30,0,1,1,0,1
3,0,0,566,23,0,0,1,0,1
1,0,0,573,23,0,0,1,0,1
1,0,0,546,23,0,0,1,0,1
1,0,0,1019,30,0,1,1,0,1
1,0,0,543,23,0,0,1,0,1
0,0,0,862,30,0,1,1,0,1
1,0,0,1019,30,0,1,1,0,1
0,0,0,1019,30,0,1,1,0,1
1,1,0,839,30,0,1,1,0,1
3,1,0,1019,30,0,1,1,0,1
0,1,1,862,30,0,1,1,0,1
0,1,1,863,30,0,1,1,0,1
0,1,1,542,23,0,0,1,0,1
3,1,1,585,23,0,0,1,0,1
2,0,1,862,30,0,1,1,0,1
2,0,1,846,30,0,1,1,0,1
2,0,1,587,23,0,0,1,0,1
3,1,1,585,23,0,0,1,0,1
3,1,1,542,23,0,0,1,0,1
1,0,1,1019,30,0,1,1,0,1
1,1,1,751,28,0,1,1,0,1
0,1,1,1019,30,0,1,1,0,1
1,1,1,708,28,0,1,1,0,1
1,1,1,707,28,0,1,1,0,1
1,1,1,1014,30,0,1,1,0,1
1,1,1,749,28,0,1,1,0,1
0,1,1,1019,30,0,1,1,0,1
0,0,1,1019,30,0,1,1,0,1
1,0,1,586,23,0,0,1,0,1
0,0,1,862,30,0,1,1,0,1
0,0,1,862,30,0,1,1,0,1
3,1,1,1019,30,0,1,1,0,1
0,0,1,863,30,0,1,1,0,1
3,0,1,809,0,0,1,1,0,1
0,0,1,1019,30,0,1,1,0,1
0,0,1,1019,30,0,1,1,0,1
3,0,1,693,0,0,0,1,0,1
0,0,1,1019,30,0,1,1,0,1
0,0,1,467,29,0,1,0,0,1
0,0,1,863,30,0,1,1,0,1
0,0,1,1019,30,0,1,1,0,1
2,1,0,542,23,0,0,1,0,1
2,1,0,587,23,0,0,1,0,1
1,0,0,862,30,0,1,1,0,1
3,0,0,862,30,0,1,1,0,1
0,0,0,542,23,0,0,1,0,1
1,0,0,862,30,0,1,1,0,1
1,0,0,862,30,0,1,1,0,1
1,0,0,1019,30,0,1,1,0,1
0,0,0,839,30,0,1,1,0,1
1,0,0,1019,30,0,1,1,0,1
1,0,0,902,30,0,1,1,0,1
1,0,0,1019,30,0,1,1,0,1
0,0,1,55,0,0,0,0,0,1
3,1,1,400,28,0,1,0,0,1
0,0,1,564,23,0,0,1,0,1
0,0,1,542,23,0,0,1,0,1
3,0,1,457,28,0,1,0,0,1
0,1,1,573,11,0,1,1,0,1
2,1,1,564,23,0,0,1,0,0
3,1,1,564,23,0,0,1,0,1
2,1,1,572,11,1,1,1,0,0
3,1,1,1019,30,0,1,1,0,1
2,0,1,542,23,0,0,1,0,0
2,0,1,542,23,0,0,1,0,0
2,1,1,542,23,0,0,1,0,0
1,1,1,839,30,0,1,1,0,0
1,0,0,276,8,0,1,0,0,0
1,1,1,839,30,0,1,1,0,0
3,1,1,322,8,0,1,0,0,0
1,1,1,542,23,0,0,1,0,0
1,1,1,261,2,0,0,1,0,0
1,1,1,839,30,0,1,1,0,0
0,0,0,1019,30,0,1,1,0,0
0,1,0,560,23,0,0,1,0,0
1,0,0,542,23,0,0,1,0,0
3,1,0,593,23,0,0,1,0,0
0,1,0,542,23,0,0,1,0,0
2,0,0,542,23,0,0,1,0,0
1,0,0,1019,30,0,1,1,0,0
0,0,0,547,23,0,0,1,0,0
3,0,0,407,29,0,1,0,0,0
1,0,0,1019,30,0,1,1,0,0
2,1,0,407,29,0,1,0,0,0
2,0,0,568,23,0,0,1,0,0
1,0,0,564,23,0,0,1,0,0
2,0,0,1019,30,0,1,1,0,0
0,0,0,547,23,0,0,1,0,0
3,1,0,1492,11,1,1,1,0,0
3,1,0,1344,11,1,1,1,0,0
0,1,0,407,29,0,1,0,0,0
0,1,0,407,29,0,1,0,0,0
0,1,0,1019,30,0,1,1,0,0
3,1,0,1517,11,1,1,1,0,0
3,1,0,1147,10,1,1,1,0,0
3,1,0,1132,11,1,1,1,0,0
2,1,0,931,11,1,1,1,0,0
3,1,0,1397,11,1,1,1,0,0
3,1,0,1529,11,1,1,1,0,0
0,1,1,542,23,0,0,1,0,0
0,1,1,543,23,0,0,1,0,0
0,1,1,542,23,0,0,1,0,0
0,1,1,1397,11,1,1,1,0,0
0,1,1,2153,11,1,1,1,0,0
0,1,1,1529,11,1,1,1,0,0
0,1,1,1345,11,1,1,1,0,0
0,1,1,1517,11,1,1,1,0,0
0,1,1,568,23,0,0,1,0,0
0,1,1,568,23,0,0,1,0,0
0,1,1,1132,11,1,1,1,0,0
0,1,1,1156,10,1,1,1,0,0
0,1,1,1468,11,1,1,1,0,0
2,1,1,568,23,0,0,1,0,0
2,1,1,560,33,0,1,1,0,0
2,1,1,568,23,0,0,1,0,0
1,1,0,402,28,0,1,0,0,0
1,1,0,551,26,0,0,1,0,0
1,1,0,551,26,0,0,1,0,0
1,0,0,708,28,0,1,1,0,0
1,0,0,708,28,0,1,1,0,0
0,1,1,568,23,0,0,1,0,0
2,0,1,574,28,0,0,1,0,0
1,1,0,551,26,0,0,1,0,0
1,1,0,504,33,0,1,1,0,0
2,0,0,561,23,0,0,1,0,0
1,0,0,602,30,0,0,1,0,0
2,0,0,549,33,0,1,1,0,0
0,1,1,768,28,0,1,1,0,0
3,1,0,428,31,0,1,0,0,0
2,0,1,407,29,0,1,0,0,0
0,1,1,504,33,0,1,1,0,0
0,1,0,529,26,0,0,1,0,0
1,0,1,708,28,0,1,1,0,0
1,0,0,402,28,0,1,0,0,0
2,0,0,402,28,0,1,0,0,0
1,0,0,402,28,0,1,0,0,0
2,0,0,402,28,0,1,0,0,0
0,1,1,504,33,0,1,1,0,0
1,0,0,402,28,0,1,0,0,0
1,0,0,402,28,0,1,0,0,0
2,0,1,402,28,0,1,0,0,0
1,1,0,504,33,0,1,1,0,0
1,0,0,402,28,0,1,0,0,0
0,0,0,573,28,0,1,0,0,0
1,0,0,402,28,0,1,0,0,0
1,1,0,504,33,0,1,1,0,0
0,0,0,872,30,0,1,1,0,0
2,1,0,639,28,0,0,1,0,0
0,1,0,541,23,0,0,1,0,0
3,0,0,325,25,0,0,0,0,0
2,0,0,325,25,0,0,0,0,0
0,0,0,325,25,0,0,0,0,0
2,0,0,573,28,0,1,0,0,0
3,1,0,749,30,0,1,1,0,0
3,0,0,414,31,0,0,1,0,0
3,1,0,750,30,0,1,1,0,0
0,1,0,708,28,0,1,1,0,0
3,0,0,568,23,0,0,1,0,0
0,0,0,325,25,0,0,0,0,0
0,1,0,325,25,0,0,0,0,0
0,0,0,527,26,0,0,1,0,0
1,1,0,402,28,0,1,0,0,0
3,0,0,526,26,0,0,1,0,0
0,0,0,532,26,0,0,1,0,0
2,1,0,573,23,0,0,1,0,0
1,1,0,612,28,0,0,1,0,0
1,0,1,400,28,0,1,0,0,0
3,1,0,595,23,0,0,1,0,0
1,0,1,325,25,0,0,0,0,0
2,0,1,573,23,0,0,1,0,0
1,0,1,611,28,0,1,0,0,0
2,0,1,677,28,0,1,1,0,0
1,0,1,511,25,0,0,1,0,0
1,1,1,776,30,0,1,1,0,0
3,0,1,1278,25,0,1,1,0,0
3,0,1,327,25,0,0,0,0,0
0,0,1,768,28,0,1,1,0,0
1,0,1,573,23,0,0,1,0,0
3,1,0,709,30,0,1,1,0,0
1,0,1,677,28,0,1,1,0,0
1,0,1,511,25,0,0,1,0,0
0,1,0,563,26,0,0,1,0,0
1,0,1,708,28,0,1,1,0,0
0,1,0,563,26,0,0,1,0,0
1,0,1,325,25,0,0,0,0,0
1,0,0,325,25,0,0,0,0,0
1,0,0,574,28,0,0,1,0,0
0,1,0,746,30,0,1,1,0,0
3,0,0,746,30,0,1,1,0,0
1,1,0,520,26,0,0,1,0,0
2,0,0,325,25,0,0,0,0,0
0,0,0,784,30,0,1,1,0,0
0,0,0,520,26,0,0,1,0,0
0,0,1,781,30,0,1,1,0,0
0,0,1,781,30,0,1,1,0,0
3,0,0,428,31,0,1,0,0,0
3,0,1,634,28,0,1,1,0,0
3,1,0,325,25,0,0,0,0,0
1,0,0,400,28,0,1,0,0,0
0,0,1,325,25,0,0,0,0,0
1,0,0,699,28,0,1,1,0,0
0,0,1,781,30,0,1,1,0,0
1,1,1,325,25,0,0,0,0,0
3,0,1,325,25,0,0,0,0,1
3,0,1,781,30,0,1,1,0,1
3,0,1,781,30,0,1,1,0,1
3,0,1,781,30,0,1,1,0,1
3,0,1,325,25,0,0,0,0,1
1,1,1,740,30,0,1,1,0,1
1,1,1,550,28,0,0,1,0,1
2,1,1,400,28,0,1,0,0,1
1,1,1,740,30,0,1,1,0,1
1,1,1,740,30,0,1,1,0,1
3,1,1,554,28,0,1,0,0,1
1,1,1,740,30,0,1,1,0,1
3,1,1,325,25,0,0,0,0,1
3,1,1,574,28,0,0,1,0,1
3,1,1,785,30,0,1,1,0,1
0,0,1,544,26,0,0,1,0,1
0,0,0,573,28,0,0,1,0,1
1,0,0,519,26,0,0,1,0,1
1,1,0,543,26,0,0,1,0,1
3,1,0,740,30,0,1,1,0,1
0,0,0,545,26,0,0,1,0,1
1,0,0,573,23,0,0,1,0,1
3,0,0,568,28,0,1,1,0,1
0,1,0,580,26,0,0,1,0,1
2,1,0,573,28,0,0,1,0,1
1,1,0,553,26,0,0,1,0,1
0,0,0,639,28,0,0,1,0,1
1,1,0,575,26,0,1,1,0,1
1,1,0,400,28,0,1,0,0,1
1,1,0,562,26,0,0,1,0,1
1,1,1,639,28,0,0,1,0,1
1,1,1,639,28,0,0,1,0,1
3,1,1,542,28,0,1,0,0,1
1,1,1,639,28,0,0,1,0,1
0,1,1,541,28,0,1,0,0,1
0,1,0,1421,28,0,1,1,0,1
0,0,0,639,28,0,0,1,0,1
0,0,0,639,28,0,0,1,0,1
2,0,1,639,28,0,0,1,0,1
2,0,1,639,28,0,0,1,0,1
3,1,1,683,30,0,1,1,0,1
3,1,1,678,30,0,1,1,0,1
2,0,1,639,28,0,0,1,0,1
0,1,1,684,30,0,1,1,0,0
0,0,1,1246,28,0,1,1,0,0
3,1,1,629,28,0,1,1,0,0
3,1,1,633,28,0,0,1,0,0
3,1,1,639,28,0,0,1,0,0
2,0,0,644,15,0,0,1,0,0
2,1,1,616,26,0,0,1,0,0
3,1,0,565,28,0,0,1,0,0
3,1,0,622,28,0,1,1,0,0
2,0,0,256,15,0,0,1,0,0
0,1,0,777,28,0,1,1,0,0
2,1,0,574,28,0,0,1,0,0
0,1,0,777,28,0,1,1,0,0
0,1,0,763,28,0,1,1,0,0
1,1,0,574,28,0,0,1,0,0
0,1,0,763,28,0,1,1,0,0
2,0,0,373,15,0,0,1,0,0
1,1,0,574,28,0,0,1,0,0
0,1,1,526,30,0,1,1,0,0
3,0,1,544,26,0,0,1,0,0
0,1,0,532,26,0,0,1,0,0
0,0,1,549,26,0,0,1,0,0
3,1,1,544,26,0,0,1,0,0
3,1,0,549,26,0,0,1,0,0
0,1,0,537,26,0,0,1,0,0
3,1,0,544,26,0,0,1,0,0
1,0,1,615,28,0,1,0,0,0
1,0,1,615,28,0,1,0,0,0
0,0,1,308,20,0,1,1,0,0
1,0,1,400,28,0,1,0,0,0
1,0,1,615,28,0,1,0,0,0
1,0,1,400,28,0,1,0,0,0
0,0,1,666,15,0,1,1,0,0
1,0,1,400,28,0,1,0,0,0
0,0,1,578,28,0,1,0,0,0
0,0,1,1571,9,0,1,1,0,0
0,0,1,578,28,0,1,0,0,0
0,0,1,578,28,0,1,0,0,0
0,0,1,600,28,0,1,0,0,0
0,0,1,600,28,0,1,0,0,0
2,1,0,400,28,0,1,0,0,0
0,0,1,576,28,0,1,0,0,0
0,0,1,648,30,0,1,1,0,0
0,0,1,648,30,0,1,1,0,0
3,0,1,576,28,0,1,0,0,0
0,0,1,576,28,0,1,0,0,0
0,0,1,648,30,0,1,1,0,0
2,1,0,400,28,0,1,0,0,0
1,0,0,400,28,0,1,0,0,0
0,0,0,838,28,0,1,1,0,0
2,1,0,400,28,0,1,0,0,0
1,0,0,400,28,0,1,0,0,0
1,0,0,400,28,0,1,0,0,0
3,1,0,545,28,1,1,1,0,0
3,1,0,547,28,1,1,1,0,0
0,0,0,838,28,0,1,1,0,0
0,1,0,642,28,0,1,1,0,0
0,1,0,642,28,0,1,1,0,0
0,0,0,838,28,0,1,1,0,0
0,1,0,642,28,0,1,1,0,0
1,0,0,2181,0,0,0,1,0,0
3,0,0,689,30,1,1,0,0,0
3,0,0,655,28,1,1,0,0,0
1,0,1,537,30,0,1,0,0,0
1,0,1,502,28,0,1,0,0,0
1,0,1,537,30,0,1,0,0,0
3,0,0,691,30,1,1,0,0,0
3,1,1,400,28,0,1,0,0,0
3,1,1,400,28,0,1,0,0,0
3,1,1,400,28,0,1,0,0,0
3,1,1,400,28,0,1,0,0,0
3,1,1,717,29,1,1,0,0,0
3,1,1,695,28,0,1,1,0,0
3,1,1,695,28,0,1,1,0,0
0,1,1,869,28,0,1,1,0,0
0,1,1,869,28,0,1,1,0,0
0,1,1,869,28,0,1,1,0,0
0,1,1,542,28,0,1,0,0,0
0,1,1,542,28,0,1,0,0,0
3,0,1,365,12,0,1,0,0,0
0,1,1,542,28,0,1,0,0,0
2,0,1,365,12,0,1,0,0,0
2,0,0,380,12,0,1,0,0,0
2,0,0,380,12,0,1,0,0,0
2,0,1,365,12,0,1,0,0,0
2,0,1,365,12,0,1,0,0,0
2,0,1,366,12,0,1,0,0,0
2,0,0,382,12,0,1,0,0,0
2,0,1,365,12,0,1,0,0,0
2,1,0,681,28,0,1,1,0,0
1,0,0,579,28,0,1,1,0,0
1,0,0,579,28,0,1,1,0,0
1,0,0,579,28,0,1,1,0,0
2,1,0,680,28,0,1,1,0,0
2,1,0,667,28,0,1,1,0,0
1,0,0,1072,28,0,1,0,0,0
1,0,0,1073,28,0,1,0,0,0
1,0,0,1054,28,0,1,0,0,0
1,0,0,1071,28,0,1,0,0,0
1,0,0,1085,28,0,1,0,0,0
1,0,0,1084,28,0,1,0,0,0
1,0,0,1071,28,0,1,0,0,0
1,0,0,1085,28,0,1,0,0,0
1,0,0,1085,28,0,1,0,0,0
1,0,0,1086,28,0,1,0,0,0
1,0,0,1070,28,0,1,0,0,0
1,0,0,1085,28,0,1,0,0,0
1,0,0,1093,28,0,1,0,0,0
1,0,0,1069,28,0,1,0,0,0
1,0,0,552,28,0,1,0,0,0
1,0,0,1094,28,0,1,0,0,0
1,0,0,558,28,0,1,1,0,0
1,1,0,70,0,0,0,0,0,0
1,0,0,552,28,0,1,0,0,0
0,1,0,750,28,0,1,1,0,0
0,1,0,750,28,0,1,1,0,0
0,1,0,742,27,0,1,1,0,0
0,1,0,903,28,0,1,1,0,0
0,1,0,817,28,0,1,1,0,0
0,1,0,903,28,0,1,1,0,0
0,1,0,828,28,0,1,1,0,0
0,1,0,903,28,0,1,1,0,0
0,1,0,817,28,0,1,1,0,0
0,1,0,828,28,0,1,1,0,0
0,1,0,817,28,0,1,1,0,0
0,1,0,811,28,0,1,1,0,0
0,1,0,828,28,0,1,1,0,0
0,1,0,1012,28,0,1,1,0,0
0,1,0,808,28,0,1,1,0,0
0,1,0,811,28,0,1,1,0,0
0,1,0,1012,28,0,1,1,0,0
0,1,0,811,28,0,1,1,0,0
0,1,0,1012,28,0,1,1,0,0
2,1,1,811,28,0,1,1,0,0
0,1,0,811,28,0,1,1,0,0
2,1,1,811,28,0,1,1,0,0
2,1,1,592,28,0,1,1,0,0
2,1,1,592,28,0,1,1,0,0
2,1,1,592,28,0,1,1,0,0
1,1,1,811,28,0,1,1,0,0
0,1,0,811,28,0,1,1,0,0
0,1,1,618,28,0,1,0,0,0
0,1,0,1012,28,0,1,1,0,0
0,1,1,618,28,0,1,0,0,0
0,1,1,618,28,0,1,0,0,0
0,1,0,907,28,0,1,1,0,0
0,1,0,903,28,0,1,1,0,0
0,1,0,906,28,0,1,1,0,0
3,1,0,858,30,0,1,1,0,0
0,1,0,913,28,0,1,1,0,0
3,1,0,879,31,0,1,1,0,0
0,1,0,878,28,0,1,1,0,0
3,1,0,816,28,0,1,1,0,0
3,1,0,841,28,0,1,1,0,0
3,1,0,896,28,0,1,1,0,0
3,1,0,872,28,0,1,1,0,0
3,1,0,828,28,0,1,1,0,0
3,1,0,885,28,0,1,1,0,0
3,1,0,879,31,0,1,1,0,0
3,1,0,618,28,0,1,0,0,0
1,0,0,824,28,0,1,0,0,0
2,1,0,728,28,0,1,1,0,0
2,1,0,812,28,0,1,1,0,0
3,1,0,618,28,0,1,0,0,0
2,1,0,817,28,0,1,1,0,0
2,1,0,618,28,0,1,0,0,0
2,1,0,812,28,0,1,1,0,0
2,1,0,817,28,0,1,1,0,0
2,1,0,817,28,0,1,1,0,0
2,1,0,12,0,0,0,0,0,0
0,0,1,683,28,0,1,1,0,0
0,0,1,683,28,0,1,1,0,0
2,0,1,806,28,0,1,1,0,0
0,0,1,683,28,0,1,1,0,0
1,0,1,1192,56,0,1,1,0,0
1,0,1,1192,56,0,1,1,0,0
1,0,0,555,28,0,1,0,0,0
1,0,0,555,28,0,1,0,0,0
1,0,0,565,28,0,1,0,0,0
1,0,0,554,28,0,1,0,0,0
1,0,0,555,28,0,1,0,0,0
1,0,0,554,28,0,1,0,0,0
0,0,0,588,28,0,1,0,0,0
1,0,0,574,28,0,1,0,0,0
0,0,0,653,28,0,1,0,0,0
1,0,0,574,28,0,1,0,0,0
0,0,0,653,28,0,1,0,0,0
0,0,0,653,28,0,1,0,0,0
1,0,0,574,28,0,1,0,0,0
0,0,0,588,28,0,1,0,0,0
0,0,0,794,22,1,1,1,0,0
0,0,0,588,28,0,1,0,0,0
0,0,0,794,22,1,1,1,0,0
0,0,0,794,22,1,1,1,0,0
0,0,0,583,28,0,1,0,0,0
0,0,0,574,28,0,1,0,0,0
0,0,0,583,28,0,1,0,0,0
0,1,0,473,31,0,1,0,0,0
0,1,0,475,31,0,1,0,0,0
0,1,0,648,31,0,1,1,0,0
0,1,0,471,31,0,1,0,0,0
0,1,0,477,31,0,1,0,0,0
0,1,0,831,22,1,1,0,0,0
0,1,0,477,31,0,1,0,0,0
0,1,0,471,31,0,1,0,0,0
0,1,0,726,31,0,1,0,0,0
0,1,0,616,31,0,1,0,0,0
0,1,0,865,31,0,1,1,0,0
0,1,0,748,31,0,1,0,0,0
0,1,0,890,31,0,1,1,0,0
0,1,0,773,31,0,1,1,0,0
0,1,0,694,31,0,1,1,0,0
0,1,0,779,31,0,1,1,0,0
0,0,0,845,22,1,1,1,0,0
0,1,0,573,31,0,1,0,0,0
0,0,0,845,22,1,1,1,0,0
0,1,0,653,31,0,1,0,0,0
0,1,0,723,31,0,1,1,0,0
0,1,0,693,31,0,1,0,0,0
0,1,0,702,31,0,1,0,0,0
0,0,0,845,22,1,1,1,0,0
1,0,0,903,30,0,1,0,0,1
0,1,1,635,28,0,1,0,0,1
0,1,0,614,28,0,1,0,0,1
1,1,1,627,28,0,1,0,0,1
0,1,1,560,28,0,1,0,0,1
0,1,0,639,28,0,1,0,0,1
1,1,1,650,28,0,1,0,0,1
3,0,1,362,27,0,1,0,0,1
3,0,1,644,27,0,1,1,0,1
0,1,0,657,28,0,1,0,0,1
0,1,0,629,28,0,1,0,0,1
0,1,0,573,28,0,1,0,0,1
0,1,0,579,28,0,1,0,0,1
2,0,0,279,22,0,1,0,0,0
1,1,1,758,28,0,1,0,0,0
1,1,1,661,22,0,1,0,0,0
1,0,0,279,22,0,1,0,0,0
1,1,1,643,27,0,1,1,0,0
1,1,1,659,22,0,1,0,0,0
3,0,0,267,21,0,1,0,0,0
3,0,0,279,22,0,1,0,0,0
3,0,0,279,22,0,1,0,0,0
3,0,0,267,21,0,1,0,0,0
3,0,0,267,21,0,1,0,0,0
3,0,0,267,21,0,1,0,0,0
2,0,0,279,22,0,1,0,0,0
3,0,0,279,22,0,1,0,0,0
3,0,0,267,21,0,1,0,0,0
3,0,0,267,21,0,1,0,0,0
3,0,0,267,21,0,1,0,0,0
3,0,0,267,21,0,1,0,0,0
3,0,0,267,21,0,1,0,0,0
3,0,0,267,21,0,1,0,0,0
3,0,0,267,21,0,1,0,0,0
3,0,0,267,21,0,1,0,0,0
3,0,0,267,21,0,1,0,0,0
3,0,0,267,21,0,1,0,0,0
3,0,0,267,21,0,1,0,0,0
3,0,0,267,21,0,1,0,0,0
3,0,0,267,21,0,1,0,0,0
3,0,0,267,21,0,1,0,0,0
3,0,0,267,21,0,1,0,0,0
3,0,0,267,21,0,1,0,0,0
3,0,0,267,21,0,1,0,0,0
3,0,0,276,21,0,1,0,0,0
3,0,0,267,21,0,1,0,0,0
3,0,0,267,21,0,1,0,0,0
3,0,0,267,21,0,1,0,0,0
3,0,0,267,21,0,1,0,0,0
3,0,0,267,21,0,1,0,0,0
3,0,0,267,21,0,1,0,0,0
3,0,0,267,21,0,1,0,0,0
3,0,0,267,21,0,1,0,0,0
3,0,0,267,21,0,1,0,0,0
3,0,0,267,21,0,1,0,0,0
